Year,District,Event,Number of incidents, Deaths, Injured, Houses Damaged, Damages in crops Ha., Lost Cattle, Forest (Ha), Other Livestock, Classrooms, Healthcenters, Roads Section, Churches, Bridges, Administrative offices, Water supply, Transmission lines, Markets, Factory
2021,Bugesera,FIRE,1,0,0,1,0,0,0,0,0,0,0,0,0,0,0,0,0,0
2021,Bugesera,HAILSTORM,1,0,0,1,11,0,0,0,0,0,0,0,0,0,0,0,0,0
2021,Bugesera,HEAVY RAIN,11,0,1,51,0,0,0,0,4,0,0,0,0,0,0,0,0,0
2021,Bugesera,LIGHTNING,1,1,0,0,0,0,0,0,0,0,0,0,0,0,0,0,0,0
2021,Bugesera,STRONG WIND,3,0,0,3,0,0,0,0,2,0,0,0,0,0,0,0,0,0
2021,Bugesera,WILDFIRE,2,0,0,0,0,0,33,0,0,0,0,0,0,0,0,0,0,0
2021,Burera,FIRE,6,0,0,6,0,0,0,0,0,0,0,0,0,0,0,0,0,0
2021,Burera,HEAVY RAIN,57,2,3,220,590.62,4,0,47,14,0,5,0,6,0,3,0,0,0
2021,Burera,LANDSLIDES,3,0,1,8,0,0,0,2,0,0,0,0,0,0,0,0,0,0
2021,Burera,LIGHTNING,16,9,14,0,0,3,0,5,0,0,0,0,0,0,0,0,0,0
2021,Burera,STRONG WIND,3,0,0,3,0,0,0,0,0,0,0,0,0,0,0,0,0,0
2021,Burera,WILDFIRE,1,0,0,0,0,0,25,0,0,0,0,0,0,0,0,0,0,0
2021,Gakenke,EARTHQUAKE,1,0,0,1,0,0,0,0,0,0,0,0,0,0,0,0,0,0
2021,Gakenke,FIRE,1,0,0,1,0,0,0,0,0,0,0,0,0,0,0,0,0,0
2021,Gakenke,FLOODS,1,0,0,0,19.5,0,0,0,0,0,0,0,0,0,0,0,0,0
2021,Gakenke,HEAVY RAIN,18,0,1,14,2,0,0,0,19,1,0,0,0,0,0,0,0,0
2021,Gakenke,LANDSLIDES,5,0,0,6,0,0,0,0,0,0,0,0,0,0,0,0,0,0
2021,Gakenke,LIGHTNING,2,1,1,0,0,0,0,0,0,0,0,0,0,0,0,0,0,0
2021,Gakenke,STRONG WIND,1,0,0,1,0,0,0,0,0,0,0,0,0,0,0,0,0,0
2021,Gakenke,WILDFIRE,7,0,0,0,3,0,6,0,0,0,0,0,0,0,0,0,0,0
2021,Gasabo,FIRE,2,0,0,1,0,0,0,0,0,0,0,0,0,0,0,1,0,0
2021,Gasabo,FLOODS,1,0,0,8,0,0,0,0,0,0,0,0,0,0,0,0,0,0
2021,Gasabo,HEAVY RAIN,14,1,0,83,0,0,0,0,0,0,0,0,0,0,0,1,0,0
2021,Gasabo,LIGHTNING,3,2,4,0,0,0,0,1,0,0,0,0,0,0,0,0,0,0
2021,Gasabo,STRONG WIND,2,0,0,19,0,0,0,0,0,0,0,0,0,0,0,0,0,0
2021,Gasabo,WILDFIRE,1,0,0,0,0,0,4,0,0,0,0,0,0,0,0,0,0,0
2021,Gatsibo,FIRE,2,0,0,2,0,0,0,0,0,0,0,0,0,0,0,0,0,0
2021,Gatsibo,FLOODS,1,0,0,0,10.5,0,0,0,0,0,0,0,0,0,0,0,0,0
2021,Gatsibo,HEAVY RAIN,33,2,4,153,29.5,0,0,0,3,0,0,1,0,0,0,0,0,0
2021,Gatsibo,LIGHTNING,8,4,2,0,0,2,0,0,0,0,0,0,0,0,0,0,0,0
2021,Gatsibo,MINE DISASTER,1,1,0,0,0,0,0,0,0,0,0,0,0,0,0,0,0,0
2021,Gatsibo,STRONG WIND,2,0,0,10,0,0,0,0,0,0,0,0,0,0,0,0,0,0
2021,Gatsibo,WILDFIRE,2,0,0,0,0,0,3,0,0,0,0,0,0,0,0,0,0,0
2021,Gicumbi,EARTHQUAKE,1,0,0,1,0,0,0,0,0,0,0,0,0,0,0,0,0,0
2021,Gicumbi,FIRE,7,0,0,6,0,0,0,0,0,0,0,0,0,0,0,0,1,0
2021,Gicumbi,HEAVY RAIN,64,5,1,134,128.5,0,0,1,3,0,1,2,1,0,0,2,0,0
2021,Gicumbi,LANDSLIDES,1,2,0,0,0,0,0,0,0,0,0,0,0,0,0,0,0,0
2021,Gicumbi,LIGHTNING,11,2,3,1,0,8,0,7,0,0,0,0,0,0,0,1,0,0
2021,Gicumbi,STRONG WIND,5,0,0,8,1.5,0,0,0,1,0,0,1,0,0,0,0,0,0
2021,Gicumbi,WILDFIRE,1,0,0,0,0,0,2,0,0,0,0,0,0,0,0,0,0,0
2021,Gisagara,FIRE,4,0,0,3,0,0,1,0,0,0,0,0,0,0,0,0,0,0
2021,Gisagara,HEAVY RAIN,15,0,1,56,51,0,0,1,7,0,0,0,0,0,7,0,0,0
2021,Gisagara,LIGHTNING,8,2,2,1,0,2,0,4,0,0,0,0,0,0,0,2,0,0
2021,Huye,HAILSTORM,1,0,0,0,29,0,0,0,0,0,0,0,0,0,0,0,0,0
2021,Huye,HEAVY RAIN,22,4,2,213,7.5,0,0,0,10,0,1,2,0,0,0,0,0,0
2021,Huye,LIGHTNING,9,1,7,0,0,2,0,1,0,0,0,0,0,0,0,1,0,0
2021,Huye,STRONG WIND,1,0,0,1,0,0,0,0,0,0,0,0,0,0,0,1,0,0
2021,Kamonyi,HEAVY RAIN,11,2,3,5,0,0,0,0,11,0,0,0,1,0,0,0,0,0
2021,Kamonyi,LIGHTNING,3,2,0,0,0,2,0,0,0,0,0,0,0,0,0,0,0,0
2021,Kamonyi,WILDFIRE,3,0,0,0,1,0,5,0,0,0,0,0,0,0,0,0,0,0
2021,Karongi,EARTHQUAKE,1,0,0,0,0,0,0,0,2,0,0,0,0,0,0,0,0,0
2021,Karongi,FIRE,3,0,0,3,0,0,0,0,0,0,0,0,0,0,0,0,0,0
2021,Karongi,HEAVY RAIN,25,3,0,31,0,0,0,0,13,0,6,0,0,1,0,2,0,0
2021,Karongi,LANDSLIDES,2,0,0,0,0,0,0,0,0,0,2,0,0,0,0,0,0,0
2021,Karongi,LIGHTNING,10,4,9,0,0,5,0,5,0,0,0,0,0,0,0,0,0,0
2021,Karongi,STRONG WIND,2,0,0,1,0,0,0,0,6,0,0,1,0,0,0,0,0,0
2021,Karongi,WILDFIRE,10,0,0,0,0.07,0,8,0,0,0,0,0,0,0,0,0,0,0
2021,Kayonza,FIRE,4,1,1,4,0,0,0,0,0,0,0,0,0,0,0,0,0,0
2021,Kayonza,HEAVY RAIN,31,0,3,149,159,0,0,110,9,0,0,2,0,0,0,0,0,1
2021,Kayonza,LIGHTNING,4,2,3,0,0,1,0,0,0,0,0,0,0,0,0,0,0,0
2021,Kayonza,STRONG WIND,4,0,0,4,0,0,0,0,4,0,0,0,0,0,0,0,0,0
2021,Kicukiro,FIRE,5,0,1,6,0,0,0,0,0,0,0,0,0,0,0,0,0,0
2021,Kicukiro,HEAVY RAIN,5,2,0,8,0,0,0,0,0,0,0,0,0,0,0,0,0,0
2021,Kicukiro,LIGHTNING,1,0,5,0,0,0,0,0,0,0,0,0,0,0,0,0,0,0
2021,Kirehe,HAILSTORM,1,0,0,1,59.9,0,0,0,0,0,0,0,0,0,0,0,0,0
2021,Kirehe,HEAVY RAIN,21,0,1,111,261,0,0,0,3,0,1,1,1,0,0,2,0,0
2021,Kirehe,LIGHTNING,8,2,14,1,0,0,0,3,0,0,0,0,0,0,0,3,0,0
2021,Kirehe,STRONG WIND,2,0,0,3,0,0,0,0,0,0,0,0,0,0,0,0,0,0
2021,Kirehe,WILDFIRE,2,0,0,0,0,0,4,0,0,0,0,0,0,0,0,0,0,0
2021,Muhanga,EARTHQUAKE,1,0,0,2,0,0,0,0,0,0,0,0,0,0,0,0,0,0
2021,Muhanga,FIRE,4,0,1,4,0,0,0,0,0,0,0,0,0,0,0,0,0,0
2021,Muhanga,FLOODS,1,2,0,0,0,0,0,0,0,0,0,0,0,0,0,0,0,0
2021,Muhanga,HAILSTORM,1,0,0,0,2.6,0,0,0,0,0,0,0,0,0,0,0,0,0
2021,Muhanga,HEAVY RAIN,47,0,7,77,38.6,0,0,0,14,0,1,1,5,1,0,1,0,0
2021,Muhanga,LANDSLIDES,1,0,0,0,0,0,0,0,0,0,1,0,0,0,0,0,0,0
2021,Muhanga,LIGHTNING,9,3,19,0,0,3,0,3,0,0,0,0,0,0,0,1,0,0
2021,Muhanga,STRONG WIND,5,0,0,8,16,0,0,0,3,0,0,0,0,0,0,0,0,0
2021,Muhanga,WILDFIRE,2,0,0,0,0.5,0,3,0,0,0,0,0,0,0,0,0,0,0
2021,Musanze,EARTHQUAKE,3,0,0,3,0,0,0,0,0,0,0,0,0,0,0,0,0,0
2021,Musanze,FLOODS,2,0,0,21,5,0,0,0,0,0,0,0,0,0,0,0,0,0
2021,Musanze,HEAVY RAIN,9,2,0,14,0.35,0,0,0,1,0,0,0,0,0,0,0,0,0
2021,Musanze,LIGHTNING,5,3,9,0,0,0,0,0,0,0,0,0,0,0,0,1,0,0
2021,Ngoma,FIRE,2,0,0,2,0,0,0,0,0,0,0,0,0,0,0,0,0,0
2021,Ngoma,HEAVY RAIN,27,0,0,103,340.5,0,0,0,12,0,0,2,0,0,0,3,0,0
2021,Ngoma,LIGHTNING,9,2,7,0,0,4,0,7,0,0,0,0,0,0,0,0,0,1
2021,Ngoma,MINE DISASTER,1,0,0,1,2,0,0,0,1,0,0,0,0,0,0,0,0,0
2021,Ngoma,STRONG WIND,2,0,0,3,35,0,0,0,0,0,0,0,0,0,0,0,0,0
2021,Ngoma,WILDFIRE,3,0,0,0,0,0,3,0,0,0,0,0,0,0,0,0,0,0
2021,Ngororero,FIRE,1,0,0,1,0,0,0,0,0,0,0,0,0,0,0,0,0,0
2021,Ngororero,HAILSTORM,1,0,0,0,1.5,0,0,0,0,0,0,0,0,0,0,0,0,0
2021,Ngororero,HEAVY RAIN,23,4,1,25,0,0,0,0,6,0,0,0,1,0,0,1,0,0
2021,Ngororero,LANDSLIDES,6,0,1,2,0,0,0,0,0,0,3,0,0,0,0,0,0,1
2021,Ngororero,LIGHTNING,9,1,16,1,0,3,0,3,0,0,0,0,0,0,0,0,0,0
2021,Ngororero,STRONG WIND,1,0,0,2,0,0,0,0,0,0,0,0,0,0,0,0,0,0
2021,Nyabihu,HEAVY RAIN,14,2,1,25,46,1,0,0,7,0,0,1,6,1,0,1,0,0
2021,Nyabihu,LIGHTNING,5,1,1,0,0,10,0,0,0,0,0,0,0,0,0,0,0,0
2021,Nyabihu,STRONG WIND,4,0,2,42,0,0,0,0,1,0,0,0,0,0,0,0,0,0
2021,Nyagatare,FLOODS,1,0,0,0,338,0,0,0,0,0,0,0,0,0,0,0,0,0
2021,Nyagatare,HEAVY RAIN,30,2,1,269,698.75,0,0,0,9,0,0,2,1,0,0,0,0,0
2021,Nyagatare,LIGHTNING,3,2,0,0,0,12,0,2,0,0,0,0,0,0,0,0,0,0
2021,Nyamagabe,FIRE,6,0,0,6,0,0,0,1,0,0,0,0,0,0,0,0,0,0
2021,Nyamagabe,FLOODS,1,1,0,0,0,0,0,0,0,0,0,0,0,0,0,0,0,0
2021,Nyamagabe,HAILSTORM,2,0,0,1,2,0,0,0,0,0,0,0,0,0,0,0,0,0
2021,Nyamagabe,HEAVY RAIN,34,2,0,17,22.6,0,0,202,17,0,3,0,2,1,0,3,0,1
2021,Nyamagabe,LANDSLIDES,3,0,0,2,0,0,0,0,0,0,3,0,0,0,0,0,0,0
2021,Nyamagabe,LIGHTNING,5,1,7,0,0,5,0,2,0,0,0,0,0,0,0,0,0,0
2021,Nyamagabe,STRONG WIND,1,0,0,0,0,0,0,0,1,0,0,0,0,0,0,0,0,0
2021,Nyamagabe,WILDFIRE,10,0,0,0,0,0,26,0,0,0,0,0,0,0,0,0,0,0
2021,Nyamasheke,FIRE,17,0,0,19,0,0,0,410,0,0,0,0,0,0,0,0,0,0
2021,Nyamasheke,HEAVY RAIN,22,4,2,28,5,0,0,2,6,0,2,0,0,0,1,2,0,0
2021,Nyamasheke,HOUSE COLLAPSE,1,0,0,1,0,0,0,0,0,0,0,0,0,0,0,0,0,0
2021,Nyamasheke,LANDSLIDES,2,0,0,39,12,0,0,0,0,0,1,0,0,0,0,0,0,0
2021,Nyamasheke,LIGHTNING,8,2,10,0,0,5,0,1,0,0,0,0,0,0,0,0,0,0
2021,Nyamasheke,MINE DISASTER,1,0,2,0,0,0,0,0,0,0,0,0,0,0,0,0,0,0
2021,Nyamasheke,STRONG WIND,2,0,0,0,0,0,0,0,11,0,0,0,0,0,0,0,0,0
2021,Nyamasheke,WILDFIRE,7,0,0,1,0,0,5,2,0,0,0,0,0,0,0,0,0,0
2021,Nyanza,FIRE,4,0,0,4,0,0,0,0,0,0,0,0,0,0,0,0,0,0
2021,Nyanza,HAILSTORM,1,0,0,1,0,0,0,0,0,0,0,0,0,0,0,0,0,0
2021,Nyanza,HEAVY RAIN,33,2,1,138,313.5,0,0,2,12,0,3,4,1,4,0,2,0,0
2021,Nyanza,LIGHTNING,4,0,5,0,0,3,0,0,0,0,0,0,0,0,0,0,0,0
2021,Nyanza,STRONG WIND,2,0,0,1,0,0,0,0,3,0,0,0,0,0,0,0,0,0
2021,Nyanza,WILDFIRE,4,0,0,0,0,0,15,0,0,0,0,0,0,0,0,0,0,0
2021,Nyarugenge,FIRE,9,1,0,8,0,0,0,0,0,0,0,0,0,0,0,0,0,0
2021,Nyarugenge,HEAVY RAIN,15,2,3,19,0,0,0,0,1,0,1,0,0,0,0,0,0,0
2021,Nyarugenge,LIGHTNING,2,1,2,0,0,0,0,0,0,0,0,0,0,0,0,1,0,0
2021,Nyarugenge,STRONG WIND,4,0,0,8,0,0,0,0,0,0,0,0,0,0,0,0,0,0
2021,Nyarugenge,WILDFIRE,2,0,0,0,0,0,2,0,0,0,0,0,0,0,0,0,0,0
2021,Nyaruguru,HEAVY RAIN,26,1,0,39,0.3,0,0,1,17,0,0,0,2,1,0,3,1,0
2021,Nyaruguru,LANDSLIDES,1,0,0,1,0,0,0,0,0,0,0,0,0,0,0,0,0,0
2021,Nyaruguru,LIGHTNING,15,2,12,0,0,8,0,3,0,0,0,0,0,0,0,0,0,0
2021,Nyaruguru,STRONG WIND,2,0,0,2,0,0,0,0,0,0,0,0,0,0,0,0,0,0
2021,Nyaruguru,WILDFIRE,2,0,0,0,0,0,6,0,0,0,0,0,0,0,0,0,0,0
2021,Rubavu,EARTHQUAKE,9,1,0,1956,4,0,0,0,65,0,5,0,0,11,2,1,2,0
2021,Rubavu,FIRE,13,0,0,10,0,0,0,10,12,0,0,1,0,0,0,0,0,0
2021,Rubavu,HAILSTORM,5,0,0,80,167,0,0,0,1,0,0,0,0,0,0,0,0,0
2021,Rubavu,HEAVY RAIN,11,1,1,25,8.5,0,0,0,0,0,4,0,5,0,0,0,0,0
2021,Rubavu,LIGHTNING,2,0,2,0,0,0,0,0,0,0,0,0,0,0,0,0,0,0
2021,Rubavu,STRONG WIND,3,0,1,63,0,0,0,0,0,0,0,0,0,0,0,1,0,0
2021,Ruhango,FIRE,3,1,1,3,0,0,0,0,0,0,0,0,0,0,0,0,0,0
2021,Ruhango,HAILSTORM,1,0,0,1,6.5,0,0,0,1,0,0,0,0,0,0,0,0,0
2021,Ruhango,HEAVY RAIN,20,0,0,34,25,1,0,2,16,0,0,0,1,0,0,1,0,0
2021,Ruhango,LIGHTNING,2,1,1,0,0,1,0,0,0,0,0,0,0,0,0,0,0,0
2021,Ruhango,STRONG WIND,2,0,0,0,0,0,0,0,5,0,0,0,0,0,0,0,0,0
2021,Ruhango,WILDFIRE,1,0,0,0,0,0,4,0,0,0,0,0,0,0,0,0,0,0
2021,Rulindo,FIRE,1,0,0,1,0,0,0,0,0,0,0,0,0,0,0,0,0,0
2021,Rulindo,HAILSTORM,3,0,0,0,93.5,0,0,0,0,0,0,0,0,0,0,0,0,0
2021,Rulindo,HEAVY RAIN,24,1,5,36,72.5,0,0,1148,2,1,3,0,3,0,0,11,0,0
2021,Rulindo,LANDSLIDES,1,0,0,0,0,0,0,0,0,0,1,0,0,0,0,0,0,0
2021,Rulindo,LIGHTNING,6,2,2,1,0,3,0,0,0,0,0,0,0,0,0,1,0,0
2021,Rulindo,MINE DISASTER,1,2,0,0,0,0,0,0,0,0,0,0,0,0,0,0,0,0
2021,Rulindo,STRONG WIND,1,0,0,1,0,0,0,0,0,0,0,0,0,0,0,0,0,0
2021,Rusizi,FIRE,29,0,4,26,0,1,0,42,1,0,0,0,0,0,0,0,0,0
2021,Rusizi,HAILSTORM,1,0,0,44,0,0,0,0,0,0,0,0,0,0,0,0,0,0
2021,Rusizi,HEAVY RAIN,34,0,4,73,71,0,0,0,6,0,0,2,2,0,0,4,0,0
2021,Rusizi,LIGHTNING,5,3,2,1,0,2,0,7,0,0,0,0,0,0,0,0,0,0
2021,Rusizi,STRONG WIND,2,0,0,1,0,0,0,0,2,0,0,0,0,0,0,0,0,0
2021,Rusizi,WILDFIRE,1,0,0,0,0,0,5,0,0,0,0,0,0,0,0,0,0,0
2021,Rutsiro,EARTHQUAKE,3,0,2,6,0,0,0,0,0,0,0,0,0,0,0,0,0,0
2021,Rutsiro,HAILSTORM,1,0,0,0,104.5,0,0,0,0,0,0,0,0,0,0,0,0,0
2021,Rutsiro,HEAVY RAIN,29,1,1,60,4,0,0,0,30,1,0,4,1,3,0,4,0,0
2021,Rutsiro,LANDSLIDES,2,0,0,0,1,0,0,0,0,0,1,0,0,0,0,0,0,0
2021,Rutsiro,LIGHTNING,16,2,19,0,0,4,0,6,0,0,0,0,0,0,0,0,0,0
2021,Rutsiro,STRONG WIND,4,0,0,60,0,0,6,0,5,0,0,0,0,0,0,13,0,0
2021,Rutsiro,WILDFIRE,2,0,0,4,0,0,1,0,0,0,0,0,0,0,0,0,0,0
2021,Rwamagana,HEAVY RAIN,9,0,0,37,0,0,0,0,2,0,0,0,0,0,0,0,0,0
2021,Rwamagana,LIGHTNING,6,2,6,2,0,2,0,0,0,0,0,0,0,0,0,2,0,0
2022,Bugesera,FIRE,10,0,1,3,25.5025,0,3,0,0,0,0,0,0,0,0,0,0,0
2022,Bugesera,HEAVY RAIN,2,0,4,2,0,0,0,0,0,0,0,0,0,0,0,0,0,0
2022,Bugesera,LIGHTNING,1,2,0,0,0,0,0,0,0,0,0,0,0,0,0,0,0,0
2022,Bugesera,MINE DISASTER,3,3,2,0,0,0,0,0,0,0,0,0,0,0,0,0,0,0
2022,Bugesera,STRONG WIND,8,0,0,65,0,0,0,0,0,0,0,0,0,0,0,0,0,0
2022,Burera,FIRE,10,0,1,9,0,0,2,0,0,0,0,0,0,0,0,0,0,0
2022,Burera,FLOODS,3,2,0,0,2,0,0,0,0,0,0,0,0,0,0,0,0,0
2022,Burera,HAILSTORM,1,0,0,1,0,0,0,0,0,0,0,0,0,0,0,0,0,0
2022,Burera,HEAVY RAIN,21,0,4,259,5,0,0,0,2,0,0,0,0,0,0,0,0,0
2022,Burera,LANDSLIDES,2,0,0,0,0.6,0,0,0,0,0,1,0,0,0,0,0,0,0
2022,Burera,LIGHTNING,8,6,6,0,0,0,0,3,0,0,0,0,0,0,0,0,0,0
2022,Burera,MINE DISASTER,2,3,1,0,0,0,0,0,0,0,0,0,0,0,0,0,0,0
2022,Burera,STRONG WIND,9,0,0,217,24,0,0,0,31,0,0,0,0,0,0,2,0,0
2022,Gakenke,FIRE,3,0,0,2,0.2,0,0,0,0,0,0,0,0,0,0,0,0,0
2022,Gakenke,FLOODS,2,0,0,0,3.5,0,0,0,0,0,0,0,1,0,0,0,0,0
2022,Gakenke,HAILSTORM,1,0,0,0,28.7,0,0,0,0,0,0,0,0,0,0,0,0,0
2022,Gakenke,HEAVY RAIN,7,0,1,11,2,0,0,1,1,0,0,0,1,0,0,0,0,0
2022,Gakenke,LANDSLIDES,2,0,0,0,0,0,0,0,0,0,2,0,0,0,0,0,0,0
2022,Gakenke,LIGHTNING,9,3,7,1,0,1,0,0,0,0,0,0,0,0,0,0,0,0
2022,Gakenke,MINE DISASTER,6,4,6,0,0,0,0,0,0,0,0,0,0,0,0,0,0,0
2022,Gakenke,STRONG WIND,7,0,2,71,0,0,0,0,42,0,0,0,0,0,0,1,0,0
2022,Gasabo,FIRE,29,0,2,29,0.6,0,0,0,0,0,0,0,0,0,0,0,0,2
2022,Gasabo,FLOODS,5,3,0,1,31.49,0,0,0,0,0,0,0,1,0,0,0,0,0
2022,Gasabo,HEAVY RAIN,16,1,7,71,0,0,0,0,0,0,0,0,5,0,0,2,0,0
2022,Gasabo,HOUSE COLLAPSE,1,1,3,0,0,0,0,0,0,0,0,0,0,0,0,0,0,0
2022,Gasabo,LANDSLIDES,3,0,2,2,0,0,0,0,0,0,1,0,0,0,0,0,0,0
2022,Gasabo,LIGHTNING,2,1,1,0,0,0,0,0,0,0,0,0,0,0,0,0,0,0
2022,Gasabo,MINE DISASTER,2,3,1,0,0,0,0,0,0,0,0,0,0,0,0,0,0,0
2022,Gasabo,STRONG WIND,8,0,1,28,0,0,0,0,0,0,0,1,0,0,0,6,0,0
2022,Gatsibo,FIRE,15,0,0,13,0.3,0,1,0,0,0,0,0,0,0,0,0,0,0
2022,Gatsibo,FLOODS,5,0,0,2,32,0,0,0,0,0,0,0,1,0,0,0,0,0
2022,Gatsibo,HAILSTORM,1,0,0,0,16.5,0,0,0,0,0,0,0,0,0,0,0,0,0
2022,Gatsibo,HEAVY RAIN,6,0,0,17,0,0,0,0,0,0,0,0,0,0,0,0,0,0
2022,Gatsibo,HOUSE COLLAPSE,1,0,2,0,0,0,0,0,0,0,0,0,0,0,0,0,0,0
2022,Gatsibo,LANDSLIDES,1,1,0,1,0,0,0,0,0,0,0,0,0,0,0,0,0,0
2022,Gatsibo,LIGHTNING,2,1,1,0,0,0,0,0,0,0,0,0,0,0,0,0,0,0
2022,Gatsibo,MINE DISASTER,2,2,2,0,0,0,0,0,0,0,0,0,0,0,0,0,0,0
2022,Gatsibo,STRONG WIND,8,0,0,22,0,0,0,0,9,0,0,0,0,0,0,1,0,0
2022,Gicumbi,FIRE,12,0,3,8,2.5,0,6,0,0,0,0,0,0,1,0,0,0,0
2022,Gicumbi,FLOODS,3,1,0,0,12,0,0,0,0,0,0,0,1,0,0,0,0,0
2022,Gicumbi,HAILSTORM,4,0,0,1,65.9,0,0,0,0,0,0,0,0,0,0,0,0,0
2022,Gicumbi,HEAVY RAIN,12,0,0,75,17.02,0,0,10,1,0,8,0,1,0,0,0,0,0
2022,Gicumbi,LANDSLIDES,4,0,0,2,0,1,0,0,0,0,2,0,0,0,0,0,0,0
2022,Gicumbi,LIGHTNING,10,2,18,0,0,3,0,3,0,0,0,0,0,0,0,0,0,0
2022,Gicumbi,MINE DISASTER,3,4,1,0,0,0,0,0,0,0,0,0,0,0,0,0,0,0
2022,Gicumbi,STRONG WIND,16,0,0,172,0,0,0,0,17,0,0,1,1,0,0,2,0,0
2022,Gisagara,FIRE,16,0,0,14,0.5,0,1,0,0,0,0,0,0,0,0,0,0,0
2022,Gisagara,HEAVY RAIN,13,0,0,131,65,0,0,0,2,0,2,1,0,0,0,1,0,0
2022,Gisagara,HOUSE COLLAPSE,1,1,1,2,0,0,0,0,0,0,0,0,0,0,0,0,0,0
2022,Gisagara,LIGHTNING,8,4,12,0,0,3,0,4,0,0,0,0,0,0,0,1,0,0
2022,Gisagara,STRONG WIND,8,0,0,42,18.5,0,0,0,21,0,0,0,0,2,0,1,0,0
2022,Huye,FIRE,7,0,0,4,10,0,3,0,0,0,0,0,0,0,0,0,0,0
2022,Huye,FLOODS,3,1,0,0,9,0,0,0,0,0,0,0,0,0,0,0,0,0
2022,Huye,HAILSTORM,1,0,0,0,20,0,0,0,0,0,0,0,0,0,0,0,0,0
2022,Huye,HEAVY RAIN,11,2,15,96,127.7,0,0,0,3,0,0,1,2,0,0,1,0,0
2022,Huye,LIGHTNING,4,0,3,0,0,3,0,0,0,0,0,0,0,0,0,0,0,0
2022,Huye,STRONG WIND,6,0,0,15,0,0,0,0,0,0,0,0,0,0,0,0,0,0
2022,Kamonyi,FIRE,4,0,0,2,2,0,0,0,0,0,0,0,0,1,0,0,0,0
2022,Kamonyi,FLOODS,5,4,0,0,1,0,0,0,0,0,0,0,4,0,0,0,0,0
2022,Kamonyi,HAILSTORM,1,0,0,0,12,0,0,0,0,0,0,0,0,0,0,0,0,0
2022,Kamonyi,HEAVY RAIN,6,0,0,52,46,0,0,0,9,0,0,0,2,1,0,0,0,0
2022,Kamonyi,HOUSE COLLAPSE,1,0,0,1,0,0,0,0,0,0,0,0,0,0,0,0,0,0
2022,Kamonyi,LIGHTNING,3,1,2,0,0,0,0,0,0,0,0,0,0,0,0,1,0,0
2022,Kamonyi,MINE DISASTER,5,5,5,0,0,0,0,0,0,0,0,0,0,0,0,0,0,0
2022,Kamonyi,STRONG WIND,4,0,0,20,2.5,0,0,0,2,0,0,0,0,2,0,1,0,0
2022,Karongi,FIRE,6,0,0,3,0,0,7,0,0,0,0,0,0,0,0,0,0,0
2022,Karongi,FLOODS,1,0,0,0,50,0,0,0,0,0,0,0,0,0,0,0,0,0
2022,Karongi,HAILSTORM,1,0,0,0,33,0,0,0,0,0,0,0,0,0,0,0,0,0
2022,Karongi,HEAVY RAIN,8,0,2,129,0,0,0,0,11,0,0,1,0,0,0,0,0,0
2022,Karongi,HOUSE COLLAPSE,1,0,1,1,0,0,0,0,0,0,0,0,0,0,0,0,0,0
2022,Karongi,LANDSLIDES,2,1,1,1,0,0,0,0,0,0,1,0,1,0,0,0,0,0
2022,Karongi,LIGHTNING,12,7,10,2,0,1,0,0,0,0,0,0,0,0,0,1,0,0
2022,Karongi,MINE DISASTER,1,0,1,0,0,0,0,0,0,0,0,0,0,0,0,0,0,0
2022,Karongi,STRONG WIND,4,0,2,124,2.5,0,0,0,11,0,0,1,0,0,0,0,0,0
2022,Kayonza,FIRE,5,0,0,4,0,0,3,0,0,0,0,0,0,0,0,0,0,0
2022,Kayonza,FLOODS,3,0,0,0,41,0,0,10,0,0,1,0,0,0,0,0,0,0
2022,Kayonza,HEAVY RAIN,6,0,6,52,49,0,0,0,1,0,0,0,0,0,0,1,0,0
2022,Kayonza,LIGHTNING,1,0,0,0,0,7,0,0,0,0,0,0,0,0,0,0,0,0
2022,Kayonza,MINE DISASTER,8,8,4,0,0,0,0,0,0,0,0,0,0,0,0,0,0,0
2022,Kayonza,STRONG WIND,10,0,1,56,2.5,0,0,0,0,1,0,0,0,0,0,0,0,0
2022,Kicukiro,FIRE,18,0,0,16,0,0,0,0,0,0,0,0,0,0,0,1,1,0
2022,Kicukiro,FLOODS,3,2,0,0,0,0,0,0,0,0,1,0,0,0,0,0,0,0
2022,Kicukiro,HEAVY RAIN,10,3,7,51,0,0,0,9,5,0,0,0,0,0,0,1,0,0
2022,Kicukiro,HOUSE COLLAPSE,1,1,0,1,0,0,0,0,0,0,0,0,0,0,0,0,0,0
2022,Kicukiro,LANDSLIDES,1,1,0,1,0,0,0,0,0,0,0,0,0,0,0,0,0,0
2022,Kicukiro,LIGHTNING,1,0,1,0,0,0,0,0,0,0,0,0,0,0,0,0,0,0
2022,Kicukiro,MINE DISASTER,1,1,0,0,0,0,0,0,0,0,0,0,0,0,0,0,0,0
2022,Kicukiro,STRONG WIND,3,0,0,44,0,0,0,0,0,0,1,0,0,1,0,1,0,0
2022,Kirehe,FIRE,9,0,0,8,5,0,0,0,0,0,0,0,0,0,0,0,0,0
2022,Kirehe,HEAVY RAIN,4,0,0,8,2,0,0,0,2,0,0,0,0,0,0,0,0,0
2022,Kirehe,LIGHTNING,2,0,2,1,0,0,0,0,0,0,0,0,0,0,0,1,0,0
2022,Kirehe,STRONG WIND,7,0,2,276,25,0,0,0,4,0,0,2,0,0,0,1,0,0
2022,Muhanga,FIRE,16,0,1,13,2,0,0,1,0,0,0,0,0,0,0,0,0,0
2022,Muhanga,FLOODS,6,2,0,0,6.2,0,0,0,0,0,2,0,0,0,0,0,0,0
2022,Muhanga,HEAVY RAIN,20,1,0,26,39.7,0,0,0,0,0,3,0,1,0,0,4,0,0
2022,Muhanga,HOUSE COLLAPSE,2,0,1,4,0,0,0,0,0,0,0,0,0,0,0,0,0,0
2022,Muhanga,LANDSLIDES,3,1,0,0,0,0,0,0,0,0,2,0,0,0,0,0,0,0
2022,Muhanga,LIGHTNING,10,4,5,1,0,5,0,0,0,0,0,0,0,0,0,0,0,0
2022,Muhanga,MINE DISASTER,11,9,5,0,0,0,0,0,0,0,0,0,0,0,0,0,0,0
2022,Muhanga,STRONG WIND,13,1,1,52,21,0,0,0,20,0,0,1,0,3,0,3,0,0
2022,Musanze,FIRE,6,0,0,6,0,0,0,0,0,0,0,0,0,0,0,0,0,0
2022,Musanze,FLOODS,3,0,0,11,5.4,0,0,0,0,0,0,0,0,0,0,0,0,0
2022,Musanze,HAILSTORM,1,0,0,0,17,0,0,0,0,0,0,0,0,0,0,0,0,0
2022,Musanze,HEAVY RAIN,8,0,6,16,4.5,0,0,0,7,0,0,0,0,1,0,1,0,0
2022,Musanze,LANDSLIDES,1,0,0,1,0,0,0,0,0,0,0,0,0,0,0,0,0,0
2022,Musanze,LIGHTNING,2,0,1,0,0,3,0,0,0,0,0,0,0,0,0,0,0,0
2022,Musanze,MINE DISASTER,1,1,1,0,0,0,0,0,0,0,0,0,0,0,0,0,0,0
2022,Musanze,STRONG WIND,4,0,3,32,0,0,0,0,0,0,0,0,0,0,0,0,0,0
2022,Ngoma,FIRE,5,0,0,3,1.8,0,0,0,0,0,0,0,0,0,0,0,0,0
2022,Ngoma,HEAVY RAIN,10,0,0,24,34.73,0,0,0,0,0,0,0,0,0,0,0,0,0
2022,Ngoma,LIGHTNING,5,2,2,0,0,2,0,0,0,0,0,0,0,0,0,0,0,0
2022,Ngoma,MINE DISASTER,1,0,1,0,0,0,0,0,0,0,0,0,0,0,0,0,0,0
2022,Ngoma,STRONG WIND,6,0,0,11,1,0,0,0,2,0,0,0,0,0,0,1,1,0
2022,Ngororero,FIRE,7,0,0,7,0,0,0,0,0,0,0,0,0,0,0,0,0,0
2022,Ngororero,FLOODS,6,2,0,2,20,0,0,0,0,0,2,0,0,0,0,0,0,0
2022,Ngororero,HEAVY RAIN,24,1,5,70,0,0,0,0,0,0,1,0,0,0,0,1,0,0
2022,Ngororero,LANDSLIDES,3,0,0,3,0,0,0,0,0,0,2,0,0,0,0,0,0,0
2022,Ngororero,LIGHTNING,13,1,16,1,0,3,0,2,0,0,0,0,0,0,0,0,0,0
2022,Ngororero,MINE DISASTER,6,5,7,0,0,0,0,0,0,0,0,0,0,0,0,0,0,0
2022,Ngororero,STRONG WIND,7,0,0,44,0,0,0,0,2,0,0,0,0,1,0,7,0,0
2022,Nyabihu,FIRE,3,0,0,3,0,0,0,0,0,0,0,0,0,0,0,0,0,0
2022,Nyabihu,FLOODS,2,0,0,0,2,0,0,0,0,0,0,0,0,0,0,0,0,0
2022,Nyabihu,HEAVY RAIN,13,1,1,31,0,0,0,0,0,0,2,0,1,0,0,0,0,0
2022,Nyabihu,HOUSE COLLAPSE,1,0,0,1,0,0,0,0,0,0,0,0,0,0,0,0,0,0
2022,Nyabihu,LANDSLIDES,9,0,0,9,0,0,0,0,0,0,3,0,0,0,0,1,0,0
2022,Nyabihu,LIGHTNING,2,1,2,0,0,0,0,0,0,0,0,0,0,0,0,0,0,0
2022,Nyabihu,STRONG WIND,9,0,1,13,0,0,0,0,5,0,0,0,0,0,0,5,0,0
2022,Nyagatare,FIRE,8,0,0,7,2,0,0,0,0,0,0,0,0,0,0,0,0,0
2022,Nyagatare,FLOODS,1,0,0,0,44.5,0,0,0,0,0,0,0,0,0,0,0,0,0
2022,Nyagatare,HAILSTORM,1,0,0,0,18.5,0,0,0,0,0,0,0,0,0,0,0,0,0
2022,Nyagatare,HEAVY RAIN,7,0,0,72,18,0,0,0,0,0,0,0,0,0,0,0,0,0
2022,Nyagatare,LIGHTNING,7,1,4,1,0,19,0,0,0,0,0,0,0,0,0,0,0,0
2022,Nyagatare,MINE DISASTER,1,1,0,0,0,0,0,0,0,0,0,0,0,0,0,0,0,0
2022,Nyagatare,STRONG WIND,14,0,0,80,0,0,0,0,6,0,0,1,0,0,0,0,0,0
2022,Nyamagabe,FIRE,6,0,0,4,0.5,0,0,0,0,0,0,0,0,0,0,0,0,0
2022,Nyamagabe,FLOODS,4,2,0,1,32,0,0,0,0,0,0,0,1,0,0,0,0,0
2022,Nyamagabe,HAILSTORM,1,0,0,0,116,0,0,0,0,0,1,0,0,0,0,0,0,0
2022,Nyamagabe,HEAVY RAIN,12,0,0,13,1.2,0,0,0,0,0,1,0,0,0,0,0,0,0
2022,Nyamagabe,LANDSLIDES,9,3,1,10,0,0,0,0,1,0,5,0,0,0,0,1,0,0
2022,Nyamagabe,LIGHTNING,13,4,14,1,0,5,0,3,0,0,0,0,0,0,0,1,0,0
2022,Nyamagabe,STRONG WIND,4,0,1,11,0,0,0,0,3,0,0,0,0,0,0,3,0,0
2022,Nyamagabe,WILDFIRE,1,0,0,0,3,0,0,0,0,0,0,0,0,0,0,0,0,0
2022,Nyamasheke,FIRE,18,0,0,16,2.4,0,2,0,0,0,0,0,0,0,0,0,0,0
2022,Nyamasheke,FLOODS,3,1,0,0,5,0,0,0,0,0,0,0,1,0,0,0,0,0
2022,Nyamasheke,HAILSTORM,1,0,0,0,10,0,0,0,0,0,0,0,0,0,0,0,0,0
2022,Nyamasheke,HEAVY RAIN,10,0,2,27,35,0,0,0,0,0,0,0,0,0,0,1,0,0
2022,Nyamasheke,HOUSE COLLAPSE,2,0,0,2,0,0,0,0,0,0,0,0,0,0,0,0,0,0
2022,Nyamasheke,LANDSLIDES,18,8,2,93,2,0,0,0,0,0,1,0,1,0,0,0,0,0
2022,Nyamasheke,LIGHTNING,5,1,5,2,0,4,0,0,0,0,0,0,0,0,0,0,0,0
2022,Nyamasheke,MINE DISASTER,2,2,0,0,0,0,0,0,0,0,0,0,0,0,0,0,0,0
2022,Nyamasheke,STRONG WIND,11,0,2,27,0,0,0,0,9,0,0,1,0,0,0,1,0,0
2022,Nyanza,FIRE,13,0,1,9,22,0,15,0,2,0,0,0,0,0,0,0,0,0
2022,Nyanza,FLOODS,2,0,0,0,47,0,0,0,0,0,0,0,1,0,0,0,0,0
2022,Nyanza,HEAVY RAIN,20,0,2,56,0,0,0,0,0,0,0,1,4,0,0,3,0,0
2022,Nyanza,LANDSLIDES,1,0,0,0,2.8,0,0,0,0,0,0,0,0,0,0,0,0,0
2022,Nyanza,LIGHTNING,6,3,2,0,0,3,0,0,0,0,0,0,0,0,0,0,0,0
2022,Nyanza,STRONG WIND,7,1,0,10,0,0,0,34,0,0,0,1,0,1,0,0,0,0
2022,Nyarugenge,FIRE,19,0,0,16,0,0,0,0,1,0,0,0,0,0,0,0,0,1
2022,Nyarugenge,FLOODS,11,6,0,4,99,0,0,0,1,0,1,0,2,0,0,0,0,0
2022,Nyarugenge,HEAVY RAIN,28,0,5,76,0,0,0,0,0,0,0,0,1,0,0,1,0,0
2022,Nyarugenge,HOUSE COLLAPSE,8,1,3,8,0,0,0,0,0,0,0,0,0,0,0,0,0,0
2022,Nyarugenge,LIGHTNING,1,0,0,1,0,0,0,0,0,0,0,0,0,0,0,1,0,0
2022,Nyarugenge,STRONG WIND,9,0,0,69,0.1,0,0,0,7,0,0,0,0,1,0,3,0,0
2022,Nyaruguru,FIRE,12,0,0,8,14,1,8,0,0,0,0,0,0,0,0,0,0,0
2022,Nyaruguru,FLOODS,4,4,0,3,0,0,0,0,0,0,1,0,0,0,0,0,0,0
2022,Nyaruguru,HEAVY RAIN,12,0,0,18,19.6,0,0,0,0,0,0,0,0,0,0,0,0,0
2022,Nyaruguru,LANDSLIDES,1,0,0,0,0,0,0,0,0,0,1,0,0,0,0,0,0,0
2022,Nyaruguru,LIGHTNING,10,4,24,0,0,3,0,0,0,0,0,0,0,0,0,1,0,0
2022,Nyaruguru,MINE DISASTER,2,2,1,0,0,0,0,0,0,0,0,0,0,0,0,0,0,0
2022,Nyaruguru,STRONG WIND,8,0,0,51,0,0,0,0,6,0,0,0,0,0,0,0,0,0
2022,Rubavu,FIRE,12,0,0,12,0,0,0,0,0,0,0,0,0,0,0,0,0,0
2022,Rubavu,FLOODS,6,0,0,69,0,0,0,0,0,0,0,0,0,0,0,0,0,0
2022,Rubavu,HAILSTORM,4,0,0,262,310.3,0,0,0,0,0,0,0,0,0,0,0,0,0
2022,Rubavu,HEAVY RAIN,13,0,6,39,0,0,0,0,5,0,0,0,0,0,0,0,0,0
2022,Rubavu,LANDSLIDES,7,6,2,6,0,0,0,0,0,0,1,0,1,0,0,0,0,0
2022,Rubavu,LIGHTNING,3,1,3,0,0,0,0,0,0,0,0,0,0,0,0,0,0,0
2022,Rubavu,STRONG WIND,5,0,0,16,13.5,0,0,0,1,0,1,0,0,0,0,1,0,0
2022,Ruhango,FIRE,7,1,0,7,0,0,0,0,0,0,0,0,0,0,0,0,0,0
2022,Ruhango,FLOODS,6,0,0,0,0,0,0,0,0,0,0,0,7,0,0,0,0,0
2022,Ruhango,HAILSTORM,1,0,0,0,4.5,0,0,0,0,0,0,0,0,0,0,0,0,0
2022,Ruhango,HEAVY RAIN,14,0,0,29,48,0,0,0,0,0,0,2,1,2,0,0,0,0
2022,Ruhango,HOUSE COLLAPSE,1,1,1,1,0,0,0,0,0,0,0,0,0,0,0,0,0,0
2022,Ruhango,LIGHTNING,4,1,5,0,0,3,0,0,0,0,0,0,0,0,0,0,0,0
2022,Ruhango,MINE DISASTER,2,1,1,0,0,0,0,0,0,0,0,0,0,0,0,0,0,0
2022,Ruhango,STRONG WIND,8,0,0,17,0,0,0,0,5,0,0,1,0,2,0,1,0,0
2022,Rulindo,FIRE,4,0,0,3,0,0,0,0,0,0,0,0,0,0,0,0,0,1
2022,Rulindo,FLOODS,2,1,0,0,0,0,0,0,0,0,0,0,1,0,0,0,0,0
2022,Rulindo,HEAVY RAIN,8,0,0,23,11,0,0,0,0,0,0,0,0,0,0,0,0,0
2022,Rulindo,LANDSLIDES,5,1,1,2,0,0,0,0,0,0,3,0,0,0,1,0,0,0
2022,Rulindo,LIGHTNING,14,2,36,1,0,4,0,0,0,0,0,0,0,0,0,0,0,0
2022,Rulindo,MINE DISASTER,4,6,0,0,0,0,0,0,0,0,0,0,0,0,0,0,0,0
2022,Rulindo,STRONG WIND,11,0,8,92,26,0,0,0,43,0,0,0,0,0,0,4,0,0
2022,Rusizi,FIRE,23,0,1,15,10,3,20,23,0,0,0,0,0,0,0,0,0,0
2022,Rusizi,FLOODS,3,1,0,0,2,0,0,0,0,0,0,0,1,0,0,0,0,0
2022,Rusizi,HEAVY RAIN,14,0,3,55,4,0,0,0,0,0,0,1,0,0,0,1,0,0
2022,Rusizi,LANDSLIDES,8,1,0,7,5,0,0,0,0,0,3,0,1,0,0,0,0,0
2022,Rusizi,LIGHTNING,7,0,19,0,0,0,0,7,0,0,0,0,0,0,0,0,0,0
2022,Rusizi,STRONG WIND,16,0,3,64,3.5,0,0,0,6,0,0,3,0,1,0,2,0,0
2022,Rutsiro,FIRE,5,0,0,4,0,0,2,0,0,0,0,0,0,0,0,0,0,0
2022,Rutsiro,FLOODS,5,1,1,0,0,0,0,0,0,0,4,0,10,0,0,1,0,0
2022,Rutsiro,HEAVY RAIN,24,2,0,29,34,0,0,0,0,0,1,0,2,0,0,2,0,0
2022,Rutsiro,LANDSLIDES,9,1,0,2,0,0,0,0,0,0,11,0,1,0,0,0,0,0
2022,Rutsiro,LIGHTNING,15,5,10,0,0,7,0,6,0,0,0,0,0,0,0,0,0,0
2022,Rutsiro,MINE DISASTER,9,8,3,0,0,0,0,0,0,0,0,0,0,0,0,0,0,0
2022,Rutsiro,STRONG WIND,3,0,1,8,0,0,0,0,13,0,0,0,0,1,0,0,0,0
2022,Rwamagana,FIRE,3,0,0,3,0,0,0,0,0,0,0,0,0,0,0,0,0,0
2022,Rwamagana,HEAVY RAIN,10,1,0,14,1.5,0,0,0,0,0,0,0,0,0,0,0,0,0
2022,Rwamagana,LIGHTNING,4,0,8,0,0,1,0,0,0,0,0,0,0,0,0,2,0,0
2022,Rwamagana,MINE DISASTER,4,3,4,0,0,0,0,0,0,0,0,0,0,0,0,0,0,0
2022,Rwamagana,STRONG WIND,10,0,0,54,0.5,0,0,0,4,0,0,0,0,0,0,0,0,0
2023,Bugesera,FIRE,3,0,2,2,0,0,0,0,4,0,0,0,0,0,0,0,0,0
2023,Bugesera,FLOODS,3,1,0,26,0,0,0,0,0,0,1,0,2,0,0,0,0,0
2023,Bugesera,HEAVY RAIN,1,0,1,10,0,0,0,0,0,0,0,1,0,0,0,0,0,0
2023,Bugesera,LIGHTNING,1,1,1,0,0,0,0,0,0,0,0,0,0,0,0,0,0,0
2023,Bugesera,STRONG WIND,21,0,0,102,0,0,0,0,4,0,0,0,0,0,0,0,0,0
2023,Bugesera,WILDFIRE,1,0,0,0,6,0,0,0,0,0,0,0,0,0,0,0,0,0
2023,Burera,FIRE,9,4,1,8,0,0,0,0,0,0,0,0,0,0,0,0,0,0
2023,Burera,FLOODS,2,2,0,33,0,0,0,22,0,0,0,0,0,0,0,0,0,0
2023,Burera,HEAVY RAIN,4,0,0,8,0,0,0,0,0,0,0,0,0,0,0,0,0,0
2023,Burera,LANDSLIDES,2,8,3,166,0,0,0,0,0,0,0,0,0,0,0,0,0,0
2023,Burera,LIGHTNING,11,3,9,0,0,2,0,2,0,0,0,0,0,0,0,1,0,0
2023,Burera,STRONG WIND,14,0,0,18,0,0,0,0,4,0,0,0,0,0,0,4,0,0
2023,Burera,WILDFIRE,5,0,0,0,4.3,0,8,0,0,0,0,0,0,0,0,0,0,0
2023,Gakenke,FIRE,6,1,0,6,0,0,0,0,0,0,0,0,0,0,0,0,0,0
2023,Gakenke,FLOODS,3,1,0,0,26.84,0,0,0,0,0,0,0,1,0,0,0,0,0
2023,Gakenke,HEAVY RAIN,4,0,0,3,9.2,0,0,0,0,0,0,0,0,0,0,0,0,0
2023,Gakenke,HOUSE COLLAPSE,1,0,1,1,0,0,0,0,0,0,0,0,0,0,0,0,0,0
2023,Gakenke,LANDSLIDES,2,2,0,77,0.74,0,0,0,0,0,0,0,0,0,0,0,0,0
2023,Gakenke,LIGHTNING,12,6,18,0,0,3,0,1,0,0,0,0,0,0,0,0,0,0
2023,Gakenke,MINE DISASTER,1,2,1,0,0,0,0,0,0,0,0,0,0,0,0,0,0,0
2023,Gakenke,STRONG WIND,7,0,0,5,7.8,0,0,8,0,0,0,0,0,1,0,0,0,0
2023,Gakenke,WILDFIRE,1,0,0,0,0,0,4,0,0,0,0,0,0,0,0,0,0,0
2023,Gasabo,FIRE,32,2,4,32,0,0,0,0,0,0,0,0,0,0,0,0,1,3
2023,Gasabo,FLOODS,1,0,0,2,0,0,0,0,0,0,0,0,0,0,0,0,0,0
2023,Gasabo,HEAVY RAIN,10,1,0,11,0,0,0,0,0,0,0,0,0,0,0,0,0,0
2023,Gasabo,HOUSE COLLAPSE,3,11,52,2,0,0,0,0,0,0,0,0,0,0,0,0,0,0
2023,Gasabo,LANDSLIDES,1,3,1,0,0,0,0,0,0,0,0,0,0,0,0,0,0,0
2023,Gasabo,STRONG WIND,7,0,0,18,0,0,0,0,0,0,0,0,0,0,0,1,0,0
2023,Gasabo,WILDFIRE,4,0,0,0,6.5,0,2,0,0,0,0,0,0,0,0,0,0,0
2023,Gatsibo,FIRE,17,0,3,14,20.36,0,0,0,0,0,0,0,0,0,0,0,0,0
2023,Gatsibo,FLOODS,5,4,0,0,2,0,0,0,0,0,0,0,0,0,0,0,0,0
2023,Gatsibo,HEAVY RAIN,8,0,0,17,3.2,0,0,0,0,0,1,0,0,1,0,0,0,0
2023,Gatsibo,LIGHTNING,7,1,17,0,0,7,0,0,0,0,0,0,0,0,0,0,0,0
2023,Gatsibo,STRONG WIND,17,0,0,102,22,1,0,2,1,0,0,1,0,0,0,0,0,0
2023,Gatsibo,WILDFIRE,3,0,0,0,5.5,0,1,0,0,0,0,0,0,0,0,0,0,0
2023,Gicumbi,FIRE,13,0,1,12,0.15,0,0,0,0,0,0,0,0,0,0,1,0,0
2023,Gicumbi,FLOODS,2,0,0,0,5.0378,0,0,0,0,0,0,0,1,0,0,0,0,0
2023,Gicumbi,HAILSTORM,1,0,0,0,1,0,0,0,0,0,0,0,0,0,0,0,0,0
2023,Gicumbi,HEAVY RAIN,12,0,0,9,2.7,1,0,0,1,0,0,0,1,0,0,0,0,0
2023,Gicumbi,HOUSE COLLAPSE,3,0,6,1,0,0,0,0,0,0,0,0,0,0,0,0,0,0
2023,Gicumbi,LANDSLIDES,3,3,0,58,0,0,0,0,0,0,0,0,0,0,0,0,0,0
2023,Gicumbi,LIGHTNING,10,1,12,0,0,5,0,9,0,0,0,0,0,0,0,0,0,0
2023,Gicumbi,STRONG WIND,26,0,2,51,0,0,0,0,1,0,0,4,0,0,0,1,0,0
2023,Gisagara,FIRE,6,0,0,6,0,0,0,0,0,0,0,0,0,0,0,0,0,0
2023,Gisagara,HEAVY RAIN,9,1,4,14,0,0,0,0,0,0,0,0,0,0,0,0,0,0
2023,Gisagara,HOUSE COLLAPSE,2,2,5,1,0,0,0,0,0,0,0,0,0,0,0,0,0,0
2023,Gisagara,LIGHTNING,3,2,7,0,0,0,0,0,0,0,0,0,0,0,0,0,0,0
2023,Gisagara,STRONG WIND,7,1,1,17,0,1,0,0,3,0,0,1,0,1,0,0,0,0
2023,Huye,HEAVY RAIN,2,0,0,1,2,0,0,0,0,0,0,0,0,0,0,0,0,0
2023,Huye,LIGHTNING,4,2,4,1,0,0,0,0,0,0,0,0,0,0,0,0,0,0
2023,Huye,STRONG WIND,7,0,1,24,0,0,0,0,5,0,0,1,0,0,0,0,0,0
2023,Kamonyi,EARTHQUAKE,1,0,0,0,0,0,0,0,2,0,0,0,0,0,0,0,0,0
2023,Kamonyi,FIRE,1,0,0,0,0,0,0,0,1,0,0,0,0,0,0,0,0,0
2023,Kamonyi,FLOODS,1,0,2,0,0,0,0,0,0,0,0,0,0,0,0,0,0,0
2023,Kamonyi,HEAVY RAIN,1,0,0,1,0,0,0,0,0,0,0,1,0,2,0,0,0,0
2023,Kamonyi,LIGHTNING,2,0,2,0,0,2,0,0,0,0,0,0,0,0,0,0,0,0
2023,Kamonyi,STRONG WIND,4,0,2,55,0,0,0,0,1,0,0,0,0,5,0,0,0,0
2023,Karongi,EARTHQUAKE,1,0,2,19,0,0,0,2,3,0,0,0,0,0,0,0,0,0
2023,Karongi,FIRE,2,1,0,2,0,0,0,0,0,0,0,0,0,0,0,0,0,0
2023,Karongi,HEAVY RAIN,4,0,1,1,0,0,0,0,1,0,1,0,0,0,0,0,0,0
2023,Karongi,HOUSE COLLAPSE,1,0,0,1,0,0,0,0,0,0,0,0,0,0,0,0,0,0
2023,Karongi,LANDSLIDES,2,16,12,479,0,0,0,0,0,2,0,0,0,0,0,0,0,0
2023,Karongi,LIGHTNING,4,2,3,0,0,1,0,0,0,0,0,0,0,0,0,0,0,0
2023,Karongi,STRONG WIND,7,0,0,27,0,0,0,0,0,0,0,0,0,0,0,0,0,0
2023,Karongi,WILDFIRE,11,0,0,0,24.8,0,5,0,0,0,0,0,0,0,0,0,0,0
2023,Kayonza,FIRE,7,2,0,6,0,0,0,0,0,0,0,0,0,0,0,0,0,0
2023,Kayonza,FLOODS,2,3,1,0,0,0,0,0,0,0,0,0,0,0,0,0,0,0
2023,Kayonza,HEAVY RAIN,8,0,0,29,2,0,0,0,1,0,0,1,0,0,0,0,0,0
2023,Kayonza,LIGHTNING,2,0,1,0,0,2,0,0,0,0,0,0,0,0,0,0,0,0
2023,Kayonza,STRONG WIND,13,0,0,51,5,0,0,0,1,0,0,0,0,1,0,0,0,0
2023,Kayonza,WILDFIRE,1,0,0,0,0,0,3,0,0,0,0,0,0,0,0,0,0,0
2023,Kicukiro,FIRE,24,1,2,21,0,0,0,0,1,0,0,0,0,0,0,0,1,0
2023,Kicukiro,FLOODS,2,0,0,4,0,0,0,0,0,0,0,0,0,0,0,0,0,0
2023,Kicukiro,HEAVY RAIN,4,1,1,3,0,0,0,0,0,0,0,0,0,0,0,0,0,0
2023,Kicukiro,STRONG WIND,6,0,0,9,0,0,0,0,0,0,0,0,0,0,0,0,0,0
2023,Kicukiro,WILDFIRE,1,0,0,0,0,0,2,0,0,0,0,0,0,0,0,0,0,0
2023,Kirehe,FIRE,1,0,0,1,0,0,0,0,0,0,0,0,0,0,0,0,0,0
2023,Kirehe,FLOODS,2,1,1,0,0,0,0,3,0,0,0,0,0,0,0,0,0,0
2023,Kirehe,HEAVY RAIN,1,0,0,5,0,0,0,0,0,0,0,0,0,0,0,0,0,0
2023,Kirehe,LIGHTNING,1,0,6,0,0,0,0,0,0,0,0,0,0,0,0,0,0,0
2023,Kirehe,STRONG WIND,4,0,0,20,4,0,0,0,8,0,0,0,0,0,0,0,0,0
2023,Muhanga,EARTHQUAKE,1,0,0,3,0,0,0,0,0,0,0,0,0,0,0,0,0,0
2023,Muhanga,FIRE,10,0,0,7,2.15,0,0,0,0,0,0,0,0,0,0,0,0,0
2023,Muhanga,HAILSTORM,1,0,0,0,5,0,0,0,0,0,0,0,0,0,0,0,0,0
2023,Muhanga,HEAVY RAIN,4,0,0,5,5,0,0,116,0,0,0,0,0,0,0,0,0,1
2023,Muhanga,HOUSE COLLAPSE,2,1,0,1,0,0,0,0,0,0,0,0,0,0,0,0,0,0
2023,Muhanga,LANDSLIDES,6,0,0,27,0,0,0,0,0,0,1,0,0,0,0,0,0,0
2023,Muhanga,LIGHTNING,7,2,5,0,0,4,0,1,0,0,0,0,0,0,0,0,0,0
2023,Muhanga,MINE DISASTER,1,1,0,0,0,0,0,0,0,0,0,0,0,0,0,0,0,0
2023,Muhanga,STRONG WIND,21,0,0,43,5,0,0,0,3,1,0,1,0,1,0,0,0,0
2023,Muhanga,WILDFIRE,9,0,0,0,21.5,0,2,0,0,0,0,0,0,0,0,0,0,0
2023,Musanze,FIRE,3,0,0,2,0,0,0,0,0,0,0,0,0,0,0,0,1,0
2023,Musanze,FLOODS,3,6,8,193,218.9,2,0,230,0,0,2,0,21,0,1,1,0,0
2023,Musanze,HAILSTORM,5,0,0,274,180.7,0,0,0,7,0,1,0,0,0,0,0,0,0
2023,Musanze,HEAVY RAIN,7,0,0,12,0,0,0,7,0,0,1,0,0,0,0,0,0,0
2023,Musanze,HOUSE COLLAPSE,1,0,0,1,0,0,0,0,0,0,0,0,0,0,0,0,0,0
2023,Musanze,LIGHTNING,7,1,3,3,0,2,0,3,0,0,0,0,0,0,0,0,0,0
2023,Musanze,STRONG WIND,21,0,0,36,0,0,0,0,9,0,0,2,0,0,0,1,0,0
2023,Ngoma,HEAVY RAIN,2,0,0,19,10,0,0,0,2,0,0,0,0,0,0,0,0,0
2023,Ngoma,LIGHTNING,1,0,4,0,0,0,0,0,0,0,0,0,0,0,0,2,0,0
2023,Ngoma,STRONG WIND,13,0,9,139,52,0,0,0,7,0,0,0,0,0,0,1,0,0
2023,Ngororero,EARTHQUAKE,1,0,0,9,0,0,0,0,0,0,0,0,0,0,0,0,0,0
2023,Ngororero,FIRE,7,0,0,6,0.17,0,0,0,0,0,0,0,0,0,0,0,0,0
2023,Ngororero,FLOODS,6,1,0,1,0,0,0,0,0,0,1,0,3,0,0,0,0,0
2023,Ngororero,HEAVY RAIN,13,0,0,14,0,0,0,11,0,0,0,0,0,0,0,0,0,0
2023,Ngororero,HOUSE COLLAPSE,2,1,0,1,0,0,0,0,0,0,0,0,0,0,0,0,0,0
2023,Ngororero,LANDSLIDES,4,23,4,619,787.4,22,0,160,0,0,9,0,13,0,6,0,0,0
2023,Ngororero,LIGHTNING,7,3,7,0,0,1,0,0,0,0,0,0,0,0,0,2,0,0
2023,Ngororero,STRONG WIND,16,0,0,18,0,0,0,0,4,0,0,0,0,1,0,0,0,0
2023,Ngororero,WILDFIRE,3,0,0,0,2.2,0,1,0,0,0,0,0,0,0,0,0,0,0
2023,Nyabihu,FIRE,2,0,0,2,0,0,0,0,0,0,0,0,0,0,0,0,0,0
2023,Nyabihu,FLOODS,5,17,9,350,1,0,0,0,0,1,0,0,0,0,0,0,0,0
2023,Nyabihu,HEAVY RAIN,2,0,0,3,0,0,0,0,0,0,0,0,0,0,0,0,0,0
2023,Nyabihu,LANDSLIDES,3,0,0,3,0,0,0,0,0,0,1,0,0,2,0,2,0,0
2023,Nyabihu,LIGHTNING,3,0,2,1,0,1,0,0,0,0,0,0,0,0,0,0,0,0
2023,Nyabihu,STRONG WIND,15,0,2,49,0,0,0,0,0,0,0,0,0,0,0,1,0,0
2023,Nyagatare,HEAVY RAIN,4,0,0,4,133.7,0,0,2,0,0,0,0,0,0,0,0,0,0
2023,Nyagatare,LIGHTNING,4,1,3,2,0,3,0,6,0,0,0,0,0,0,0,0,0,0
2023,Nyagatare,STRONG WIND,22,0,0,175,123,0,0,1,11,0,0,0,0,0,0,0,0,0
2023,Nyamagabe,EARTHQUAKE,1,0,0,3,0,0,0,0,7,0,0,0,0,0,0,0,0,0
2023,Nyamagabe,FIRE,2,0,0,1,0.5,0,0,0,0,0,0,0,0,0,0,0,0,0
2023,Nyamagabe,FLOODS,5,3,0,0,0,0,0,0,0,0,0,0,2,0,1,0,0,0
2023,Nyamagabe,HEAVY RAIN,4,0,0,2,39.6,0,0,0,0,0,1,0,2,0,0,0,0,0
2023,Nyamagabe,LANDSLIDES,5,2,0,6,0,0,0,0,0,0,1,0,0,0,0,0,0,0
2023,Nyamagabe,LIGHTNING,7,2,7,1,0,1,0,0,0,0,0,0,0,0,0,1,0,0
2023,Nyamagabe,STRONG WIND,14,0,0,55,21,0,0,0,9,0,0,1,0,1,0,0,0,0
2023,Nyamagabe,WILDFIRE,4,0,0,0,11.5,0,0,0,0,0,0,0,0,0,0,0,0,0
2023,Nyamasheke,FIRE,9,0,1,8,0,0,0,0,0,0,0,0,0,0,0,0,0,0
2023,Nyamasheke,FLOODS,5,1,0,11,68,0,0,0,0,0,0,0,0,0,0,0,0,0
2023,Nyamasheke,HEAVY RAIN,10,0,0,6,0,0,0,0,0,0,0,0,1,0,0,1,0,0
2023,Nyamasheke,HOUSE COLLAPSE,1,0,0,1,0,0,0,0,0,0,0,0,0,0,0,0,0,0
2023,Nyamasheke,LANDSLIDES,9,0,3,16,0.065,0,0,0,0,0,0,0,0,0,0,0,0,0
2023,Nyamasheke,LIGHTNING,5,3,3,0,0,0,0,1,0,0,0,0,0,0,0,0,0,0
2023,Nyamasheke,MINE DISASTER,1,1,1,0,0,0,0,0,0,0,0,0,0,0,0,0,0,0
2023,Nyamasheke,STRONG WIND,23,0,0,66,2,0,0,0,8,0,0,1,0,0,0,1,0,0
2023,Nyamasheke,WILDFIRE,1,0,0,0,1,0,0,0,0,0,0,0,0,0,0,0,0,0
2023,Nyanza,EARTHQUAKE,1,0,0,2,0,0,0,0,1,0,0,0,0,0,0,0,0,0
2023,Nyanza,FIRE,17,0,0,17,0,0,0,4,0,0,0,0,0,0,0,0,0,0
2023,Nyanza,FLOODS,1,0,0,0,0,0,0,0,0,0,1,0,0,0,0,0,0,0
2023,Nyanza,HEAVY RAIN,7,0,1,16,0,0,0,0,3,0,0,1,0,1,0,1,0,1
2023,Nyanza,HOUSE COLLAPSE,3,1,0,3,0,0,0,0,0,0,0,0,0,0,0,0,0,0
2023,Nyanza,LANDSLIDES,1,0,0,23,0,0,0,0,0,0,0,0,0,0,0,0,0,0
2023,Nyanza,LIGHTNING,8,2,4,1,0,1,0,0,0,0,0,0,0,0,0,0,0,0
2023,Nyanza,STRONG WIND,19,0,1,255,4.5,0,5,0,9,0,0,5,0,1,0,6,0,0
2023,Nyanza,WILDFIRE,3,0,0,0,105,0,0,0,0,0,0,0,0,0,0,0,0,0
2023,Nyarugenge,FIRE,24,0,0,22,0,0,0,0,0,0,0,0,0,1,0,0,0,1
2023,Nyarugenge,FLOODS,1,0,0,0,0,0,0,0,0,0,0,0,1,0,0,0,0,0
2023,Nyarugenge,HEAVY RAIN,15,0,0,26,0,0,0,0,0,0,0,0,0,0,0,0,0,0
2023,Nyarugenge,HOUSE COLLAPSE,9,0,3,5,0,0,0,0,0,0,0,0,0,0,0,0,0,0
2023,Nyarugenge,LANDSLIDES,1,0,0,1,0,0,0,0,0,0,0,0,0,0,0,0,0,0
2023,Nyarugenge,STRONG WIND,14,0,0,44,0,0,0,0,8,0,0,1,0,0,0,0,0,0
2023,Nyarugenge,WILDFIRE,2,0,0,0,1.26,0,0,0,0,0,0,0,0,0,0,0,0,0
2023,Nyaruguru,FIRE,1,0,0,1,0,0,0,0,0,0,0,0,0,0,0,0,0,0
2023,Nyaruguru,FLOODS,3,1,0,0,8,0,0,0,0,0,0,0,0,0,0,0,0,0
2023,Nyaruguru,HEAVY RAIN,9,0,0,7,29.45,0,0,500,0,0,0,0,1,0,0,0,0,0
2023,Nyaruguru,HOUSE COLLAPSE,1,0,0,0,0,0,0,0,0,0,0,0,0,0,0,0,0,0
2023,Nyaruguru,LIGHTNING,12,3,9,1,0,6,0,0,0,0,0,0,0,0,0,0,0,0
2023,Nyaruguru,STRONG WIND,14,0,0,23,0,0,0,0,1,0,0,1,0,0,0,0,0,0
2023,Rubavu,FIRE,12,1,0,12,0,0,0,0,0,0,0,0,0,0,0,0,0,0
2023,Rubavu,FLOODS,5,30,51,1758,1.5,0,0,0,0,1,2,0,0,0,0,0,0,0
2023,Rubavu,HEAVY RAIN,11,0,1,38,2,0,0,0,0,0,1,0,0,0,0,0,0,0
2023,Rubavu,HOUSE COLLAPSE,1,0,1,1,0,0,0,0,0,0,0,0,0,0,0,0,0,0
2023,Rubavu,LANDSLIDES,1,0,0,0,0,0,0,0,0,0,1,0,0,0,0,0,0,0
2023,Rubavu,LIGHTNING,1,1,0,0,0,0,0,0,0,0,0,0,0,0,0,0,0,0
2023,Rubavu,STRONG WIND,26,0,4,242,0,0,0,0,3,0,0,1,0,2,0,0,0,0
2023,Ruhango,EARTHQUAKE,1,0,0,3,0,0,0,1,0,0,0,0,0,0,0,0,0,0
2023,Ruhango,FIRE,6,0,0,6,0,0,0,0,0,0,0,0,0,0,0,0,0,0
2023,Ruhango,FLOODS,2,1,0,0,0,0,0,0,0,0,0,0,1,0,0,0,0,0
2023,Ruhango,HEAVY RAIN,9,0,1,8,0,0,0,0,0,0,2,1,1,1,0,0,0,0
2023,Ruhango,HOUSE COLLAPSE,4,0,3,5,0,0,0,0,0,0,0,0,0,0,0,0,0,0
2023,Ruhango,LANDSLIDES,1,0,0,6,0,0,0,0,0,0,0,0,0,0,0,0,0,0
2023,Ruhango,LIGHTNING,2,0,2,0,0,0,0,0,0,0,0,0,0,0,0,0,0,0
2023,Ruhango,MINE DISASTER,1,0,0,2,0,0,0,0,0,0,0,0,0,0,0,0,0,0
2023,Ruhango,STRONG WIND,6,0,1,14,0,0,0,0,2,0,0,2,0,1,0,0,0,1
2023,Rulindo,EARTHQUAKE,2,0,1,2,0,0,0,0,0,0,0,0,0,0,0,0,0,0
2023,Rulindo,FIRE,7,0,0,6,0,0,0,0,0,0,0,0,0,0,0,0,0,0
2023,Rulindo,FLOODS,2,0,0,0,5,0,0,0,0,0,1,0,0,0,0,0,0,0
2023,Rulindo,HAILSTORM,1,0,0,0,0.51,0,0,0,0,0,0,0,0,0,0,0,0,0
2023,Rulindo,HEAVY RAIN,11,0,1,14,0,0,0,1,0,0,1,0,5,0,0,0,0,0
2023,Rulindo,LANDSLIDES,1,1,0,1,0,0,0,0,0,0,0,0,0,0,0,0,0,0
2023,Rulindo,LIGHTNING,5,2,6,0,0,1,0,0,0,0,0,0,0,0,0,0,0,0
2023,Rulindo,STRONG WIND,15,0,0,40,0,0,0,2,0,0,0,1,0,0,0,2,0,0
2023,Rulindo,WILDFIRE,2,0,0,0,1.98,0,0,0,0,0,0,0,0,0,0,0,0,0
2023,Rusizi,FIRE,22,0,1,21,0,0,0,0,0,0,0,0,0,0,0,0,0,0
2023,Rusizi,FLOODS,6,1,0,10,15.2,0,0,0,0,0,0,0,1,0,0,0,0,0
2023,Rusizi,HEAVY RAIN,13,0,2,5,50,0,0,0,0,0,0,0,0,0,0,0,0,0
2023,Rusizi,HOUSE COLLAPSE,3,0,3,2,0,0,0,0,0,0,0,0,0,0,0,0,0,0
2023,Rusizi,LANDSLIDES,8,0,1,1,0.5,0,0,0,0,0,2,0,0,0,0,0,0,0
2023,Rusizi,LIGHTNING,11,2,13,0,0,4,0,0,0,0,0,0,0,0,0,0,0,0
2023,Rusizi,STRONG WIND,23,1,0,76,23.605,0,0,39,5,0,0,2,0,0,0,2,0,0
2023,Rusizi,WILDFIRE,12,0,0,0,57.4,0,4,0,0,0,0,0,0,0,0,0,0,0
2023,Rutsiro,EARTHQUAKE,1,0,0,3,0,0,0,0,0,0,0,0,0,0,0,0,0,0
2023,Rutsiro,FIRE,2,0,0,2,0,0,0,0,0,0,0,0,0,0,0,0,0,0
2023,Rutsiro,HEAVY RAIN,5,0,0,6,11,0,0,0,0,0,0,0,0,0,0,0,0,0
2023,Rutsiro,HOUSE COLLAPSE,1,0,0,1,0,0,0,0,0,0,0,0,0,0,0,0,0,0
2023,Rutsiro,LANDSLIDES,1,29,23,876,0,0,0,0,0,0,0,0,0,0,0,0,0,0
2023,Rutsiro,LIGHTNING,4,3,2,0,0,1,0,0,0,0,0,0,0,0,0,0,0,0
2023,Rutsiro,MINE DISASTER,1,1,1,0,0,0,0,0,0,0,0,0,0,0,0,0,0,0
2023,Rutsiro,STRONG WIND,9,0,3,12,0,0,0,0,3,0,0,0,0,2,0,0,0,0
2023,Rutsiro,WILDFIRE,5,0,0,0,5.9,0,4,0,0,0,0,0,0,0,0,0,0,0
2023,Rwamagana,EARTHQUAKE,1,0,0,1,0,0,0,0,0,0,0,0,0,0,0,0,0,0
2023,Rwamagana,FIRE,7,0,0,5,0,0,0,0,0,0,0,0,0,0,0,0,2,0
2023,Rwamagana,FLOODS,1,1,0,0,0,0,0,0,0,0,0,0,0,0,0,0,0,0
2023,Rwamagana,HEAVY RAIN,8,0,0,22,1,0,0,0,0,0,0,0,0,0,0,0,0,0
2023,Rwamagana,LIGHTNING,2,0,3,0,0,0,0,0,0,0,0,0,0,0,0,0,0,0
2023,Rwamagana,MINE DISASTER,1,1,0,0,0,0,0,0,0,0,0,0,0,0,0,0,0,0
2023,Rwamagana,STRONG WIND,7,0,0,16,0,0,0,0,10,0,0,0,0,0,0,0,0,0
2024,Bugesera,FIRE,5,0,0,0,3,0,0,0,0,0,0,0,0,0,0,0,0,1
2024,Bugesera,HEAVY RAIN,1,0,0,0,6,0,0,0,0,0,0,0,0,0,0,0,0,0
2024,Bugesera,HOUSE COLLAPSE,4,0,0,0,4,0,0,0,0,0,0,0,0,0,0,0,0,0
2024,Bugesera,LIGHTNING,1,0,0,0,1,0,0,0,2,0,0,0,0,0,0,0,0,0
2024,Bugesera,STRONG WIND,4,0,0,0,19,0,0,0,0,0,0,0,0,0,0,0,0,0
2024,Bugesera,WILDFIRE,2,0,0,0,0,0,0,35,0,0,0,0,0,0,0,0,0,0
2024,Burera,FIRE,9,0,3,0,8,0,0,0,0,0,0,0,0,0,0,0,0,0
2024,Burera,FLOODS,2,0,0,0,0,0,0,0,0,0,0,2,0,0,0,0,0,0
2024,Burera,HEAVY RAIN,4,0,0,0,4,0,0,0,0,0,0,0,0,0,0,0,0,0
2024,Burera,HOUSE COLLAPSE,8,0,3,8,22,0,0,0,0,0,0,0,0,0,0,0,0,0
2024,Burera,LANDSLIDES,6,2,1,0,7,2,0,0,0,0,0,1,0,0,0,0,0,0
2024,Burera,LIGHTNING,8,2,12,0,1,0,1,0,1,0,0,0,0,0,0,0,0,0
2024,Burera,STRONG WIND,17,0,6,0,23,2.5,0,0,0,5,0,1,1,0,0,0,0,0
2024,Burera,WILDFIRE,3,0,0,0,0,0,0,3,0,0,0,0,0,0,0,0,0,0
2024,Gakenke,FIRE,7,1,26,0,5,0,0,0,0,1,0,0,0,0,0,0,0,0
2024,Gakenke,FLOODS,7,1,0,0,4,0.75,1,0,0,0,0,0,0,1,0,1,0,0
2024,Gakenke,HAILSTORM,3,0,0,0,0,144.6,0,0,0,0,0,0,0,0,0,0,0,0
2024,Gakenke,HEAVY RAIN,10,0,0,0,22,0,0,0,0,0,0,0,0,1,0,0,0,0
2024,Gakenke,HOUSE COLLAPSE,20,0,0,0,41,0,0,0,4,0,0,0,0,0,0,0,0,0
2024,Gakenke,LANDSLIDES,10,0,0,0,16,5,0,0,1,0,0,8,0,0,0,0,0,0
2024,Gakenke,LIGHTNING,21,7,28,0,2,0,6,0,1,0,0,0,0,0,0,0,0,0
2024,Gakenke,MINE DISASTER,9,4,12,0,0,0,0,0,0,0,0,0,0,0,0,0,0,0
2024,Gakenke,STRONG WIND,17,0,0,0,50,0,0,0,0,8,0,0,2,0,1,0,2,0
2024,Gakenke,WILDFIRE,17,0,0,0,0,11.67,0,33,0,0,0,0,0,0,0,0,0,0
2024,Gasabo,FIRE,31,5,4,0,29,0,0,0,0,0,0,0,0,0,0,0,0,0
2024,Gasabo,FLOODS,3,1,0,0,0,0,0,0,0,0,0,1,0,1,0,0,0,0
2024,Gasabo,HEAVY RAIN,12,0,5,0,10,0,0,0,0,0,0,0,1,1,0,0,0,0
2024,Gasabo,HOUSE COLLAPSE,11,3,11,5,13,0,0,0,0,0,0,0,0,0,0,0,0,0
2024,Gasabo,LIGHTNING,4,4,1,0,2,0,0,0,0,0,0,0,0,0,0,0,0,0
2024,Gasabo,STRONG WIND,12,0,1,0,45,0,0,0,0,1,0,0,0,0,0,0,0,0
2024,Gasabo,WILDFIRE,3,0,0,0,0,0,0,5,0,0,0,0,0,0,0,0,0,0
2024,Gatsibo,FIRE,4,1,0,0,4,0,0,0,0,0,0,0,0,0,0,0,0,0
2024,Gatsibo,FLOODS,1,1,0,0,0,0,0,0,0,0,0,0,0,0,0,0,0,0
2024,Gatsibo,HEAVY RAIN,1,0,0,0,1,0,0,0,0,0,0,0,0,0,0,0,0,0
2024,Gatsibo,LIGHTNING,11,5,7,0,0,0,5,0,2,0,0,0,0,0,0,0,0,0
2024,Gatsibo,MINE DISASTER,1,1,1,0,0,0,0,0,0,0,0,0,0,0,0,0,0,0
2024,Gatsibo,STRONG WIND,29,0,0,0,152,0.5,0,0,0,5,0,0,0,0,1,0,0,0
2024,Gatsibo,WILDFIRE,3,0,0,0,0,10,0,2,0,0,0,0,0,0,0,0,0,0
2024,Gicumbi,FIRE,5,1,1,0,5,0,0,0,0,0,0,0,0,0,0,0,0,0
2024,Gicumbi,FLOODS,1,0,0,0,0,0,0,0,0,0,0,0,0,1,0,0,0,0
2024,Gicumbi,HEAVY RAIN,3,0,1,1,5,0,0,0,0,0,0,0,0,0,0,0,0,0
2024,Gicumbi,HOUSE COLLAPSE,13,0,0,0,19,0,0,0,0,0,0,0,0,0,0,0,0,0
2024,Gicumbi,LANDSLIDES,4,0,0,0,3,0,0,0,0,0,0,3,0,0,0,0,0,0
2024,Gicumbi,LIGHTNING,14,2,31,0,0,0,5,0,2,0,0,0,0,0,0,0,0,0
2024,Gicumbi,MINE DISASTER,1,1,0,0,0,0,0,0,0,0,0,0,0,0,0,0,0,0
2024,Gicumbi,STRONG WIND,22,0,0,0,51,0.03,0,0,0,0,0,0,0,0,0,0,1,0
2024,Gicumbi,WILDFIRE,2,0,0,0,0,1.5,0,2,0,0,0,0,0,0,0,0,0,0
2024,Gisagara,FIRE,5,0,0,0,5,0,0,0,0,0,0,0,0,0,0,0,0,0
2024,Gisagara,FLOODS,1,0,0,0,0,10,0,0,0,0,0,1,0,0,0,0,0,0
2024,Gisagara,HAILSTORM,1,0,0,0,0,546,0,0,0,0,0,0,0,0,0,0,0,0
2024,Gisagara,HEAVY RAIN,2,0,0,0,1,1,0,0,0,0,0,0,0,0,0,0,0,0
2024,Gisagara,HOUSE COLLAPSE,5,1,0,0,11,0,0,0,0,0,0,0,0,0,0,0,0,0
2024,Gisagara,LIGHTNING,7,5,11,0,0,0,0,0,0,0,0,0,0,0,0,0,1,0
2024,Gisagara,STRONG WIND,18,0,0,1,72,0,0,0,0,2,0,0,0,0,0,0,0,0
2024,Gisagara,WILDFIRE,1,0,0,0,0,0,0,2,0,0,0,0,0,0,0,0,0,0
2024,Huye,FIRE,4,0,0,0,4,0,0,0,0,0,0,0,0,0,0,0,0,0
2024,Huye,HEAVY RAIN,3,0,0,0,9,20,0,0,0,0,0,0,0,0,0,0,0,0
2024,Huye,HOUSE COLLAPSE,12,2,0,6,8,0,0,0,0,0,1,0,0,0,0,0,0,0
2024,Huye,LANDSLIDES,2,0,0,0,0,2.5,0,0,0,0,0,1,0,0,0,0,0,0
2024,Huye,LIGHTNING,5,3,2,0,1,0,1,0,1,0,0,0,0,0,0,0,0,0
2024,Huye,STRONG WIND,15,0,0,0,73,0,0,0,0,5,0,0,0,0,0,0,0,0
2024,Huye,WILDFIRE,1,0,0,0,0,1,0,0,0,0,0,0,0,0,0,0,0,0
2024,Kamonyi,FIRE,6,1,0,0,6,0,0,0,0,0,0,0,0,0,0,0,0,0
2024,Kamonyi,FLOODS,3,0,0,0,0,30,0,0,0,0,0,1,0,1,0,0,0,0
2024,Kamonyi,HEAVY RAIN,5,0,0,0,5,10,0,0,0,0,0,0,0,0,0,0,0,0
2024,Kamonyi,HOUSE COLLAPSE,7,2,2,0,7,0,0,0,6,0,0,0,0,0,0,0,0,0
2024,Kamonyi,LANDSLIDES,6,0,0,1,3,3,0,0,0,0,0,3,0,0,0,0,0,0
2024,Kamonyi,LIGHTNING,3,1,2,0,0,0,0,0,0,0,0,0,0,0,0,0,0,0
2024,Kamonyi,MINE DISASTER,5,10,8,0,0,0,0,0,0,0,0,0,0,0,0,0,0,0
2024,Kamonyi,STRONG WIND,9,0,2,0,34,0,0,0,0,0,0,0,0,0,0,0,0,0
2024,Kamonyi,WILDFIRE,4,0,0,0,0,0,0,2,0,0,0,0,0,0,0,0,0,0
2024,Karongi,FLOODS,1,0,0,0,0,0,0,0,0,0,0,1,0,1,0,0,0,0
2024,Karongi,HEAVY RAIN,2,0,0,0,1,105,0,0,0,0,0,0,0,0,0,0,0,0
2024,Karongi,HOUSE COLLAPSE,2,1,1,0,2,0,0,0,0,0,0,0,0,0,0,0,0,0
2024,Karongi,LIGHTNING,8,5,1,0,0,0,1,0,0,0,0,0,0,0,1,0,0,0
2024,Karongi,MINE DISASTER,1,2,0,0,0,0,0,0,0,0,0,0,0,0,0,0,0,0
2024,Karongi,STRONG WIND,3,0,0,0,9,0,0,0,0,0,0,0,0,0,0,0,1,0
2024,Karongi,WILDFIRE,4,0,0,0,0,0,0,79,0,0,0,0,0,0,0,0,0,0
2024,Kayonza,FIRE,6,0,0,0,5,0,0,0,0,0,0,0,0,0,0,0,0,0
2024,Kayonza,HOUSE COLLAPSE,2,0,0,0,4,0,0,0,0,0,0,0,0,0,0,0,0,0
2024,Kayonza,LIGHTNING,1,0,4,0,0,0,0,0,0,0,0,0,0,0,0,0,0,0
2024,Kayonza,MINE DISASTER,1,1,1,0,0,0,0,0,0,0,0,0,0,0,0,0,0,0
2024,Kayonza,STRONG WIND,20,0,0,0,40,0,0,0,0,0,1,0,0,0,0,0,1,0
2024,Kayonza,WILDFIRE,2,0,0,0,0,0,0,10,0,0,0,0,0,0,0,0,0,0
2024,Kicukiro,FIRE,35,2,6,0,33,0,0,0,0,0,0,0,0,0,0,0,1,1
2024,Kicukiro,HEAVY RAIN,3,0,0,0,4,0,0,0,3000,0,0,0,0,0,0,0,0,0
2024,Kicukiro,HOUSE COLLAPSE,10,3,2,5,6,0,0,0,0,0,0,0,0,0,0,0,0,0
2024,Kicukiro,STRONG WIND,12,0,0,0,23,0,0,0,0,2,0,0,0,0,0,0,0,0
2024,Kicukiro,WILDFIRE,5,0,0,0,0,1,0,8,0,0,0,0,0,0,0,0,0,0
2024,Kirehe,FIRE,2,0,0,0,2,0,0,0,0,0,0,0,0,0,0,0,0,0
2024,Kirehe,HOUSE COLLAPSE,2,0,3,0,3,0,0,0,0,0,0,0,0,0,0,0,0,0
2024,Kirehe,LIGHTNING,3,1,1,0,0,0,9,0,16,0,0,0,0,0,0,0,0,0
2024,Kirehe,STRONG WIND,10,0,0,0,30,3,0,0,0,0,0,0,0,0,0,0,0,0
2024,Kirehe,WILDFIRE,1,0,0,0,0,0,0,4,0,0,0,0,0,0,0,0,0,0
2024,Muhanga,FIRE,8,1,0,0,7,0,0,0,10,0,0,0,0,0,0,0,0,0
2024,Muhanga,FLOODS,1,0,0,0,0,0,0,0,3,0,0,0,0,0,0,0,0,0
2024,Muhanga,HAILSTORM,1,0,0,0,0,95.5,0,0,0,0,0,0,0,0,0,0,0,0
2024,Muhanga,HEAVY RAIN,10,2,0,0,12,0,0,0,0,0,0,1,0,3,0,0,0,0
2024,Muhanga,HOUSE COLLAPSE,14,1,3,9,11,0,0,0,0,0,0,0,0,0,0,0,0,0
2024,Muhanga,LANDSLIDES,4,0,0,0,6,0,0,0,0,0,0,2,0,0,0,0,0,0
2024,Muhanga,LIGHTNING,6,3,3,0,0,0,1,0,5,0,0,0,0,0,0,0,0,0
2024,Muhanga,STRONG WIND,12,0,0,0,17,35.9,0,0,0,1,0,0,0,0,0,0,3,0
2024,Muhanga,WILDFIRE,2,0,0,0,0,0,0,6,0,0,0,0,0,0,0,0,0,0
2024,Musanze,FIRE,3,0,0,0,3,0,0,0,0,0,0,0,0,0,0,0,0,0
2024,Musanze,FLOODS,1,0,0,0,1,47.95,0,0,0,0,0,1,0,0,0,0,1,0
2024,Musanze,HAILSTORM,1,0,0,0,0,26,0,0,0,0,0,0,0,0,0,0,0,0
2024,Musanze,HOUSE COLLAPSE,5,0,3,0,5,0,0,0,0,0,0,0,0,0,0,0,0,0
2024,Musanze,LANDSLIDES,1,1,0,0,1,0,0,0,0,0,0,0,0,0,0,0,0,0
2024,Musanze,LIGHTNING,8,4,12,0,0,0,3,0,0,0,0,0,0,0,0,0,0,0
2024,Musanze,STRONG WIND,8,0,0,0,65,0,0,0,0,7,0,0,0,0,0,0,0,0
2024,Ngoma,FIRE,3,0,13,0,2,0,0,0,0,1,0,0,0,0,0,0,0,0
2024,Ngoma,HAILSTORM,1,0,0,0,0,33,0,0,0,0,0,0,0,0,0,0,0,0
2024,Ngoma,LIGHTNING,1,0,1,0,0,0,0,0,0,0,0,0,0,0,0,0,0,0
2024,Ngoma,STRONG WIND,13,0,0,0,69,2.75,0,0,0,3,0,0,1,0,0,0,2,0
2024,Ngororero,FIRE,6,0,0,0,6,0,0,0,0,0,0,0,0,0,0,0,0,0
2024,Ngororero,FLOODS,8,1,0,0,2,0,0,0,0,0,0,3,0,3,0,0,0,0
2024,Ngororero,HAILSTORM,1,0,0,0,0,1,0,0,0,0,0,0,0,0,0,0,0,0
2024,Ngororero,HEAVY RAIN,13,0,2,0,16,0,0,0,0,0,0,0,0,1,0,0,0,0
2024,Ngororero,HOUSE COLLAPSE,16,0,0,2,35,0,0,0,3,3,0,0,0,0,0,0,0,0
2024,Ngororero,LANDSLIDES,14,2,0,1,8,0.5,0,0,0,0,0,5,0,1,0,2,0,0
2024,Ngororero,LIGHTNING,15,9,8,0,0,0,5,0,0,0,0,0,0,0,0,0,1,0
2024,Ngororero,MINE DISASTER,7,6,2,0,0,0,0,0,0,0,0,0,0,0,0,0,0,0
2024,Ngororero,STRONG WIND,6,0,0,0,4,0,0,0,0,6,0,0,0,0,0,0,1,0
2024,Ngororero,WILDFIRE,9,0,0,0,0,1,0,17,0,0,0,0,0,0,0,0,0,0
2024,Nyabihu,FIRE,1,0,0,0,1,0,0,0,0,0,0,0,0,0,0,0,0,0
2024,Nyabihu,FLOODS,2,0,0,0,0,4,0,0,0,0,0,1,0,0,0,0,0,0
2024,Nyabihu,HEAVY RAIN,6,0,3,0,6,0,0,0,0,0,0,0,0,0,0,0,0,0
2024,Nyabihu,HOUSE COLLAPSE,2,0,0,0,2,0,0,0,0,0,0,0,0,0,0,0,0,0
2024,Nyabihu,LANDSLIDES,1,0,0,0,0,0,0,0,0,0,0,1,0,0,0,0,0,0
2024,Nyabihu,LIGHTNING,3,3,1,0,0,0,0,0,0,0,0,0,0,0,0,0,0,0
2024,Nyabihu,STRONG WIND,8,0,0,0,7,0,0,0,0,1,0,0,0,0,0,0,3,0
2024,Nyagatare,LIGHTNING,7,3,9,0,1,0,4,0,0,0,0,0,0,0,0,0,0,0
2024,Nyagatare,STRONG WIND,15,1,7,0,87,0,0,0,0,0,0,0,1,0,0,0,3,0
2024,Nyamagabe,FIRE,3,0,0,0,2,0,1,0,2,0,0,0,0,0,0,0,0,0
2024,Nyamagabe,FLOODS,5,1,0,0,0,27,0,0,0,0,0,3,0,0,0,0,0,0
2024,Nyamagabe,HOUSE COLLAPSE,9,0,0,10,8,0,0,0,0,0,0,1,0,0,0,0,0,0
2024,Nyamagabe,LANDSLIDES,3,0,0,0,9,0,0,0,0,0,0,1,0,0,0,0,0,0
2024,Nyamagabe,LIGHTNING,13,4,3,0,3,0,7,0,1,0,0,0,0,0,0,0,0,0
2024,Nyamagabe,STRONG WIND,3,0,0,0,4,0,0,0,0,0,0,0,0,0,0,0,0,0
2024,Nyamagabe,WILDFIRE,6,0,0,0,0,0,0,8,0,0,0,0,0,0,0,0,0,0
2024,Nyamasheke,FIRE,19,0,1,0,19,0,0,0,0,0,0,0,0,0,0,0,0,0
2024,Nyamasheke,FLOODS,1,0,0,0,0,0,0,0,0,0,0,0,0,1,0,0,0,0
2024,Nyamasheke,HEAVY RAIN,1,0,0,0,1,0,0,0,0,0,0,0,0,0,0,0,0,0
2024,Nyamasheke,HOUSE COLLAPSE,13,1,3,8,4,0,0,0,0,0,0,0,0,0,0,0,0,0
2024,Nyamasheke,LANDSLIDES,13,0,0,10,4,0.7,0,0,0,0,0,6,1,0,0,0,1,0
2024,Nyamasheke,LIGHTNING,6,2,3,0,1,0,0,0,0,0,0,0,0,0,0,0,0,0
2024,Nyamasheke,MINE DISASTER,3,2,4,0,0,0,0,0,0,0,0,0,0,0,0,0,0,0
2024,Nyamasheke,STRONG WIND,16,0,5,0,35,0,0,2,0,1,0,0,2,0,0,0,0,0
2024,Nyamasheke,WILDFIRE,21,0,0,0,0,4.6,0,52,0,0,0,0,0,0,0,0,0,0
2024,Nyanza,FIRE,9,0,0,0,9,0,0,0,0,0,0,0,0,0,0,0,0,0
2024,Nyanza,FLOODS,3,0,0,0,4,8,0,0,0,0,0,1,0,6,0,0,2,0
2024,Nyanza,HAILSTORM,1,0,0,0,0,16.8,0,0,0,0,0,0,0,0,0,0,0,0
2024,Nyanza,HEAVY RAIN,6,0,0,0,7,1.5,0,0,0,0,0,1,0,2,0,0,0,0
2024,Nyanza,HOUSE COLLAPSE,10,0,2,4,9,0,0,0,0,0,0,0,0,0,0,0,0,0
2024,Nyanza,LANDSLIDES,1,0,0,0,0,1.22,0,0,0,0,0,0,0,0,0,0,0,0
2024,Nyanza,LIGHTNING,5,2,8,0,0,0,2,0,0,0,0,0,0,0,0,0,0,0
2024,Nyanza,STRONG WIND,13,0,1,0,47,0,0,0,0,4,0,0,1,0,0,0,0,0
2024,Nyanza,WILDFIRE,8,0,0,0,0,1.49,0,16,0,0,0,0,0,0,0,0,0,0
2024,Nyarugenge,FIRE,17,0,0,0,15,0,0,0,0,0,0,0,0,0,3,0,0,1
2024,Nyarugenge,FLOODS,8,5,0,0,3,1.5,0,0,0,0,0,1,0,1,0,0,0,0
2024,Nyarugenge,HEAVY RAIN,8,0,5,0,9,0,0,0,0,0,0,0,0,0,0,0,0,0
2024,Nyarugenge,HOUSE COLLAPSE,17,0,5,3,29,0,0,0,0,0,0,1,0,0,0,0,0,0
2024,Nyarugenge,LANDSLIDES,5,1,0,0,5,0,0,0,0,0,0,1,0,0,0,0,1,0
2024,Nyarugenge,LIGHTNING,1,0,3,0,0,0,0,0,0,0,0,0,0,0,0,0,0,0
2024,Nyarugenge,STRONG WIND,10,0,1,0,27,0,0,0,0,0,0,0,0,0,0,0,0,0
2024,Nyarugenge,WILDFIRE,3,0,0,0,0,0,0,3,0,0,0,0,0,0,0,0,0,0
2024,Nyaruguru,FIRE,2,0,27,0,2,0,0,0,0,0,0,0,0,0,0,0,0,0
2024,Nyaruguru,HAILSTORM,1,0,0,0,0,61,0,0,0,0,0,0,0,0,0,0,0,0
2024,Nyaruguru,HEAVY RAIN,1,0,0,0,1,0,0,0,0,0,0,0,0,0,0,0,0,0
2024,Nyaruguru,HOUSE COLLAPSE,8,0,0,5,7,0,0,0,0,0,0,0,0,0,0,0,0,0
2024,Nyaruguru,LANDSLIDES,9,4,4,1,3,8.5,0,0,0,0,0,3,0,2,0,0,0,0
2024,Nyaruguru,LIGHTNING,14,2,14,0,4,0,5,0,5,0,0,0,0,0,0,0,0,0
2024,Nyaruguru,STRONG WIND,14,0,1,0,18,0,0,0,0,2,0,0,1,0,0,0,0,0
2024,Rubavu,FIRE,2,0,0,0,2,0,0,0,0,0,0,0,0,0,0,0,0,0
2024,Rubavu,FLOODS,1,2,1,0,0,0,0,0,0,0,0,0,0,0,0,0,0,0
2024,Rubavu,HEAVY RAIN,3,0,0,6,2,0,0,0,0,0,0,0,0,0,0,0,0,0
2024,Rubavu,HOUSE COLLAPSE,2,0,1,3,0,0,0,0,0,0,0,0,0,0,0,0,0,0
2024,Rubavu,LANDSLIDES,2,0,0,1,1,0,0,0,0,0,0,0,0,0,0,0,0,0
2024,Rubavu,LIGHTNING,2,1,9,0,0,0,0,0,0,0,0,0,0,0,0,0,0,0
2024,Rubavu,STRONG WIND,13,0,1,0,35,0,0,0,0,5,0,0,1,0,0,0,0,0
2024,Ruhango,FIRE,7,0,0,0,6,0,0,0,0,1,0,0,0,0,0,0,0,0
2024,Ruhango,FLOODS,4,0,0,0,12,0,0,0,0,0,0,2,0,4,0,0,0,0
2024,Ruhango,HEAVY RAIN,10,1,2,3,10,19,0,0,0,0,0,0,0,5,0,0,0,0
2024,Ruhango,HOUSE COLLAPSE,7,0,0,0,8,0,0,0,0,0,0,0,0,0,0,0,0,0
2024,Ruhango,LANDSLIDES,1,0,0,0,0,10.06,0,0,0,0,0,0,0,0,0,0,0,0
2024,Ruhango,LIGHTNING,6,3,17,0,0,0,0,0,0,0,0,0,0,0,0,0,0,0
2024,Ruhango,STRONG WIND,15,0,0,0,14,0,0,0,0,8,0,0,0,0,3,0,1,0
2024,Ruhango,WILDFIRE,1,0,0,0,0,0,0,1,0,0,0,0,0,0,0,0,0,0
2024,Rulindo,FIRE,4,0,0,0,3,0,0,0,1,0,0,0,0,0,0,0,0,0
2024,Rulindo,FLOODS,3,0,0,1,0,0.68,0,0,0,0,0,1,0,0,0,0,0,0
2024,Rulindo,HEAVY RAIN,2,0,0,0,2,0,0,0,0,0,0,0,0,0,0,0,0,0
2024,Rulindo,HOUSE COLLAPSE,16,2,4,3,15,0,0,0,0,1,0,0,0,0,0,0,0,0
2024,Rulindo,LANDSLIDES,5,0,0,0,7,2.6,0,0,0,0,0,2,0,0,0,0,0,0
2024,Rulindo,LIGHTNING,8,1,10,0,0,0,3,0,0,0,0,0,0,0,0,0,1,0
2024,Rulindo,MINE DISASTER,8,16,9,0,0,0,0,0,0,0,0,0,0,0,0,0,0,0
2024,Rulindo,STRONG WIND,11,0,0,0,26,0,0,0,0,0,0,0,0,0,0,0,0,0
2024,Rulindo,WILDFIRE,4,0,0,0,0,0,0,7,0,0,0,0,0,0,0,0,0,0
2024,Rusizi,FIRE,14,2,2,0,12,0,1,1,0,0,0,0,0,0,0,0,0,0
2024,Rusizi,FLOODS,1,0,0,0,0,0,0,0,0,0,0,0,0,1,0,0,0,0
2024,Rusizi,HEAVY RAIN,2,0,0,7,0,0,0,0,0,0,0,2,0,3,0,0,0,0
2024,Rusizi,HOUSE COLLAPSE,5,0,0,4,3,0,0,0,0,0,0,0,0,0,0,0,0,0
2024,Rusizi,LANDSLIDES,14,0,1,13,13,11.5,0,0,0,3,0,4,0,0,0,0,1,0
2024,Rusizi,LIGHTNING,4,1,2,0,0,0,2,0,0,0,0,0,0,0,0,0,0,0
2024,Rusizi,MINE DISASTER,1,1,2,0,0,0,0,0,0,0,0,0,0,0,0,0,0,0
2024,Rusizi,STRONG WIND,17,0,3,0,69,0,0,0,0,5,0,0,0,0,2,0,4,0
2024,Rusizi,WILDFIRE,3,0,0,0,0,0,0,6,0,0,0,0,0,0,0,0,0,0
2024,Rutsiro,FLOODS,1,0,0,0,0,0,4,0,5,0,0,0,0,0,0,0,0,0
2024,Rutsiro,HEAVY RAIN,7,0,0,3,5,0,0,0,0,0,0,0,0,2,0,0,0,0
2024,Rutsiro,HOUSE COLLAPSE,9,1,3,2,6,0,0,0,0,0,0,0,0,0,0,0,0,0
2024,Rutsiro,LANDSLIDES,10,4,0,1,9,0,0,0,0,0,0,2,0,0,0,0,0,0
2024,Rutsiro,LIGHTNING,20,8,12,0,1,0,7,0,1,0,0,0,0,0,0,0,0,0
2024,Rutsiro,MINE DISASTER,2,4,6,0,0,0,0,0,0,0,0,0,0,0,0,0,0,0
2024,Rutsiro,STRONG WIND,12,0,0,0,24,1,0,0,0,0,0,0,0,0,0,0,2,0
2024,Rutsiro,WILDFIRE,1,0,0,0,0,0,0,1,0,0,0,0,0,0,0,0,0,0
2024,Rwamagana,FIRE,10,0,1,0,10,0,0,0,0,0,0,0,0,0,0,0,0,0
2024,Rwamagana,FLOODS,1,0,0,0,0,18,0,0,0,0,0,0,0,0,0,0,0,0
2024,Rwamagana,HOUSE COLLAPSE,2,0,0,1,1,0,0,0,0,0,0,0,0,0,0,0,0,0
2024,Rwamagana,LIGHTNING,1,0,1,0,0,0,0,0,0,0,0,0,0,0,0,0,0,0
2024,Rwamagana,MINE DISASTER,1,1,2,0,0,0,0,0,0,0,0,0,0,0,0,0,0,0
2024,Rwamagana,STRONG WIND,14,0,2,0,68,1.5,0,0,0,0,0,0,0,0,0,0,0,0
2024,Rwamagana,WILDFIRE,2,0,0,0,0,0,0,1,0,0,0,0,0,0,0,0,0,0
2025,Bugesera,FIRE,2,0,0,1,0,0,0,0,0,0,0,0,0,0,0,0,0,1
2025,Bugesera,HEAVY RAIN,3,0,0,1,0,0,0,0,0,0,0,1,0,0,0,0,0,0
2025,Bugesera,STRONG WIND,14,0,2,29,0,0,0,0,22,0,0,0,0,0,0,0,0,0
2025,Bugesera,WILDFIRE,3,0,0,0,0,0,23,0,0,0,0,0,0,0,0,0,0,0
2025,Burera,FIRE,6,0,1,5,0,0,0,0,0,0,0,0,0,0,0,0,0,0
2025,Burera,FLOODS,7,4,0,0,4,0,0,0,0,0,1,0,1,0,0,0,0,0
2025,Burera,HEAVY RAIN,8,0,0,6,5,0,0,0,0,0,1,0,1,0,0,0,0,0
2025,Burera,HOUSE COLLAPSE,2,0,0,2,0,0,0,0,0,0,0,0,0,0,0,0,0,0
2025,Burera,LIGHTNING,18,8,13,0,0,3,0,0,0,0,0,0,0,0,0,1,0,0
2025,Burera,STRONG WIND,22,0,0,41,0,0,0,0,1,0,0,0,0,0,0,2,0,0
2025,Burera,WILDFIRE,1,0,0,0,0,0,1,0,0,0,0,0,0,0,0,0,0,0
2025,Gakenke,FIRE,6,1,0,8,0,0,0,0,0,0,0,0,0,1,0,0,0,0
2025,Gakenke,FLOODS,2,1,0,1,0,0,0,0,0,0,0,0,0,0,0,0,0,0
2025,Gakenke,HAILSTORM,3,0,0,0,26.55,0,0,0,0,0,0,0,0,0,0,0,0,0
2025,Gakenke,HEAVY RAIN,13,0,0,9,0,0,0,0,0,0,2,0,1,0,0,0,0,0
2025,Gakenke,HOUSE COLLAPSE,5,0,0,5,0,0,0,0,0,0,0,0,0,0,0,0,0,0
2025,Gakenke,LANDSLIDES,4,0,0,1,0,0,0,0,0,0,3,0,0,0,0,0,0,0
2025,Gakenke,LIGHTNING,21,6,19,0,0,5,0,3,0,0,0,0,0,0,0,0,0,0
2025,Gakenke,MINE DISASTER,1,1,0,0,0,0,0,0,0,0,0,0,0,0,0,0,0,0
2025,Gakenke,STRONG WIND,29,0,0,71,0,0,0,0,12,1,0,1,0,0,0,2,0,0
2025,Gakenke,WILDFIRE,2,0,0,0,0,0,2,0,0,0,0,0,0,0,0,0,0,0
2025,Gasabo,FIRE,28,5,2,21,0,0,0,0,0,0,0,1,0,0,0,1,1,3
2025,Gasabo,FLOODS,3,1,3,5,95,0,0,0,0,0,0,0,0,0,0,0,0,0
2025,Gasabo,HEAVY RAIN,14,0,0,17,20,0,0,0,0,0,0,0,0,0,0,0,0,0
2025,Gasabo,HOUSE COLLAPSE,8,1,11,7,0,0,0,0,0,0,0,0,0,0,0,0,0,0
2025,Gasabo,LANDSLIDES,1,0,0,1,0,0,0,0,0,0,0,0,0,0,0,0,0,0
2025,Gasabo,LIGHTNING,3,0,0,2,0,0,0,0,0,0,0,0,0,0,0,1,0,0
2025,Gasabo,STRONG WIND,35,0,14,66,0,0,0,0,2,0,1,0,0,2,0,5,0,0
2025,Gasabo,WILDFIRE,1,0,0,0,0,0,1,0,0,0,0,0,0,0,0,0,0,0
2025,Gatsibo,FIRE,6,1,2,4,0,0,0,0,0,0,0,0,0,1,0,0,0,1
2025,Gatsibo,HEAVY RAIN,1,0,0,0,0,0,0,0,0,0,1,0,0,0,0,0,0,0
2025,Gatsibo,LANDSLIDES,1,0,0,0,0,0,0,0,0,0,1,0,1,0,0,0,0,0
2025,Gatsibo,LIGHTNING,3,2,0,0,0,1,0,0,0,0,0,0,0,0,0,0,0,0
2025,Gatsibo,STRONG WIND,17,0,0,147,33,0,0,0,9,0,0,0,0,0,0,2,0,0
2025,Gicumbi,FIRE,10,0,2,9,0,0,0,0,0,0,0,0,0,0,0,0,0,0
2025,Gicumbi,HAILSTORM,5,0,0,0,26,0,0,0,0,0,0,0,0,0,0,0,0,0
2025,Gicumbi,HEAVY RAIN,15,0,0,19,0.1,0,0,10,0,0,1,0,2,0,0,0,0,0
2025,Gicumbi,LANDSLIDES,3,0,0,3,0,0,0,0,0,0,1,0,0,0,0,0,0,0
2025,Gicumbi,LIGHTNING,11,2,13,0,0,3,0,1,0,0,0,0,0,0,0,2,0,0
2025,Gicumbi,MINE DISASTER,2,4,8,0,0,0,0,0,0,0,0,0,0,0,0,0,0,0
2025,Gicumbi,STRONG WIND,36,0,1,84,0,0,0,0,11,0,0,0,0,0,0,1,0,0
2025,Gicumbi,WILDFIRE,1,0,0,0,0,0,1,0,0,0,0,0,0,0,0,0,0,0
2025,Gisagara,FIRE,2,0,0,2,0,0,0,0,0,0,0,0,0,0,0,0,0,0
2025,Gisagara,FLOODS,6,0,0,0,145.5,0,0,0,0,0,0,0,0,0,0,0,0,0
2025,Gisagara,HEAVY RAIN,3,1,1,1,0,0,0,0,0,0,1,0,0,0,0,0,0,0
2025,Gisagara,HOUSE COLLAPSE,1,0,0,0,0,0,0,0,0,0,0,0,0,0,0,0,0,0
2025,Gisagara,LANDSLIDES,1,0,0,0,0,0,0,0,0,0,1,0,0,0,0,0,0,0
2025,Gisagara,LIGHTNING,8,8,10,0,0,1,0,1,0,0,0,0,0,0,0,0,0,0
2025,Gisagara,STRONG WIND,8,0,0,11,0,0,0,0,0,0,0,1,0,0,0,0,0,0
2025,Gisagara,WILDFIRE,2,0,0,0,0,0,5,0,0,0,0,0,0,0,0,0,0,0
2025,Huye,FIRE,3,0,2,5,0,0,0,0,0,0,0,0,0,0,0,0,0,0
2025,Huye,FLOODS,1,0,0,0,6,0,0,0,0,0,0,0,0,0,0,0,0,0
2025,Huye,HEAVY RAIN,10,0,1,2,0,0,0,1,0,0,1,0,4,0,0,1,0,0
2025,Huye,LIGHTNING,1,0,0,0,0,1,0,0,0,0,0,0,0,0,0,0,0,0
2025,Huye,STRONG WIND,13,0,8,31,0,0,0,0,2,0,0,0,0,0,0,0,0,0
2025,Kamonyi,FIRE,12,0,0,10,0,0,0,0,1,1,0,0,0,0,0,0,0,0
2025,Kamonyi,HAILSTORM,1,0,0,0,20,0,0,0,0,0,0,0,0,0,0,0,0,0
2025,Kamonyi,HEAVY RAIN,3,0,0,0,0,0,0,0,1,0,0,0,2,0,0,1,0,0
2025,Kamonyi,HOUSE COLLAPSE,2,0,3,2,0,0,0,0,0,0,0,0,0,0,0,0,0,0
2025,Kamonyi,LIGHTNING,4,2,4,1,0,0,0,0,0,0,0,0,0,0,0,0,0,0
2025,Kamonyi,STRONG WIND,12,0,2,27,0,0,0,0,9,1,0,0,0,0,0,1,0,0
2025,Kamonyi,WILDFIRE,1,0,0,0,3,0,0,0,0,0,0,0,0,0,0,0,0,0
2025,Karongi,FIRE,2,0,0,2,0,0,0,0,0,0,0,0,0,0,0,0,0,0
2025,Karongi,FLOODS,1,0,0,0,0,0,0,0,0,0,0,0,1,0,0,0,0,0
2025,Karongi,HAILSTORM,2,0,0,0,6.5,0,0,0,0,0,0,0,0,0,0,0,0,0
2025,Karongi,HEAVY RAIN,1,0,0,3,0.1,0,0,0,0,0,0,0,0,0,0,0,0,0
2025,Karongi,HOUSE COLLAPSE,3,0,3,2,0,0,0,0,0,0,0,0,0,0,0,0,0,0
2025,Karongi,LIGHTNING,9,6,9,1,0,5,0,0,0,0,0,0,0,0,0,2,0,0
2025,Karongi,STRONG WIND,12,0,0,33,0,0,0,0,6,0,0,0,0,0,0,4,0,0
2025,Karongi,WILDFIRE,3,0,0,0,0,0,2,0,0,0,0,0,0,0,0,0,0,0
2025,Kayonza,FIRE,2,0,0,2,0,0,0,0,0,0,0,0,0,0,0,0,0,0
2025,Kayonza,FLOODS,2,6,1,0,0,0,0,0,0,0,0,0,0,0,0,0,0,0
2025,Kayonza,HEAVY RAIN,5,0,0,9,36.86,0,0,6,0,0,0,0,0,0,0,0,0,0
2025,Kayonza,LIGHTNING,2,1,0,8,0,0,0,0,0,0,0,0,0,0,0,0,0,0
2025,Kayonza,STRONG WIND,24,0,2,103,0,0,0,0,0,0,0,0,0,1,0,1,0,0
2025,Kayonza,WILDFIRE,1,0,0,0,0,0,6,0,0,0,0,0,0,0,0,0,0,0
2025,Kicukiro,FIRE,8,1,0,9,0,0,0,0,0,0,0,0,0,0,0,1,0,1
2025,Kicukiro,FLOODS,1,1,0,0,0,0,0,0,0,0,0,0,0,0,0,0,0,0
2025,Kicukiro,HEAVY RAIN,6,0,3,10,0,0,0,0,0,0,0,0,0,0,0,0,0,0
2025,Kicukiro,HOUSE COLLAPSE,1,0,0,1,0,0,0,0,0,0,0,0,0,0,0,0,0,0
2025,Kicukiro,STRONG WIND,9,0,0,9,0,0,0,0,1,0,0,0,0,0,0,1,0,0
2025,Kicukiro,WILDFIRE,1,0,0,0,0,0,1,0,0,0,0,0,0,0,0,0,0,0
2025,Kirehe,FLOODS,1,0,0,0,17,0,0,0,0,0,0,0,0,0,0,0,0,0
2025,Kirehe,HEAVY RAIN,1,0,0,1,0,0,0,0,0,0,0,0,0,0,0,0,0,0
2025,Kirehe,LIGHTNING,4,3,6,0,0,0,0,0,0,0,0,0,0,0,0,1,0,0
2025,Kirehe,STRONG WIND,12,0,0,42,23.5,0,0,0,4,0,0,0,0,0,0,7,0,0
2025,Muhanga,FIRE,3,0,1,3,0,0,0,0,0,0,0,0,0,0,0,0,0,0
2025,Muhanga,HEAVY RAIN,2,0,0,2,0,0,0,0,0,0,0,0,0,0,0,0,0,0
2025,Muhanga,LIGHTNING,5,3,2,1,0,0,0,1,0,0,0,0,0,0,0,0,0,0
2025,Muhanga,MINE DISASTER,3,3,4,0,0,0,0,0,0,0,0,0,0,0,0,0,0,0
2025,Muhanga,STRONG WIND,7,0,0,11,0.22,0,0,0,1,0,0,0,0,0,0,1,0,0
2025,Musanze,EARTHQUAKE,1,0,0,1,0,0,0,0,0,0,0,0,0,0,0,0,0,0
2025,Musanze,FIRE,7,0,0,6,0,0,0,0,1,0,0,0,0,0,0,0,0,0
2025,Musanze,FLOODS,5,3,0,0,5.1,0,0,0,0,0,0,0,0,0,0,0,0,0
2025,Musanze,HAILSTORM,1,0,0,0,25,0,0,0,0,0,0,0,0,0,0,0,0,0
2025,Musanze,HEAVY RAIN,8,0,0,3,5,0,0,0,0,0,2,0,0,0,0,0,0,0
2025,Musanze,HOUSE COLLAPSE,6,2,4,3,0,0,0,0,0,0,0,0,0,0,0,0,0,0
2025,Musanze,LIGHTNING,9,3,3,1,0,3,0,1,0,0,0,0,0,0,0,1,0,0
2025,Musanze,STRONG WIND,21,0,0,22,0,0,0,0,4,0,0,0,0,2,0,1,0,0
2025,Ngoma,FIRE,2,0,0,2,0,0,0,0,0,0,0,0,0,0,0,0,0,0
2025,Ngoma,FLOODS,1,0,0,0,8,0,0,0,0,0,0,0,0,0,0,0,0,0
2025,Ngoma,HAILSTORM,4,1,1,2,11.08,0,0,0,0,0,0,0,0,0,0,0,0,0
2025,Ngoma,HEAVY RAIN,1,0,0,1,0,0,0,0,0,0,0,0,0,0,0,0,0,0
2025,Ngoma,HOUSE COLLAPSE,2,0,5,2,0,0,0,0,0,0,0,0,0,0,0,0,0,0
2025,Ngoma,LIGHTNING,5,3,6,0,0,0,0,0,0,0,0,0,0,0,0,0,0,0
2025,Ngoma,STRONG WIND,37,0,1,117,77.5,0,0,0,3,0,0,0,0,0,0,3,0,0
2025,Ngoma,WILDFIRE,2,0,0,0,0,0,3,0,0,0,0,0,0,0,0,0,0,0
2025,Ngororero,FIRE,6,0,1,7,0,0,0,0,0,0,0,0,0,0,0,0,0,0
2025,Ngororero,FLOODS,2,2,1,0,0,0,0,0,0,0,0,0,0,0,0,0,0,0
2025,Ngororero,HAILSTORM,1,0,0,0,40,0,0,0,0,0,0,0,0,0,0,0,0,0
2025,Ngororero,HEAVY RAIN,37,0,2,33,0,0,0,0,0,0,1,0,2,0,0,0,0,0
2025,Ngororero,HOUSE COLLAPSE,5,0,3,5,0,0,0,0,0,0,0,0,0,0,0,0,0,0
2025,Ngororero,LIGHTNING,11,3,6,0,0,3,0,1,0,0,0,0,0,0,0,0,0,0
2025,Ngororero,MINE DISASTER,2,2,1,0,0,0,0,0,0,0,0,0,0,0,0,0,0,0
2025,Ngororero,STRONG WIND,24,0,3,70,0,0,0,0,19,1,0,1,0,2,0,5,0,0
2025,Nyabihu,FIRE,2,0,0,2,0,0,0,0,0,0,0,0,0,0,0,0,0,0
2025,Nyabihu,FLOODS,6,1,0,6,5,0,0,0,0,0,0,0,1,0,0,0,0,0
2025,Nyabihu,HEAVY RAIN,23,0,0,21,1.55,0,0,0,0,1,0,0,0,0,0,0,0,0
2025,Nyabihu,HOUSE COLLAPSE,7,1,3,16,0,0,0,0,0,0,0,0,0,0,0,0,0,0
2025,Nyabihu,LANDSLIDES,4,0,0,3,0,1,0,0,0,0,0,0,0,0,0,0,0,0
2025,Nyabihu,LIGHTNING,5,4,4,0,0,0,0,0,0,0,0,0,0,0,0,1,0,0
2025,Nyabihu,STRONG WIND,10,0,0,15,0,0,0,0,3,0,0,0,0,0,0,1,0,0
2025,Nyagatare,HAILSTORM,1,0,0,2,0,0,0,0,0,0,0,0,0,0,0,0,0,0
2025,Nyagatare,HEAVY RAIN,2,0,0,2,0,0,0,0,0,0,0,1,0,0,0,0,0,0
2025,Nyagatare,HOUSE COLLAPSE,1,0,2,0,0,0,0,0,0,0,0,0,0,0,0,0,0,0
2025,Nyagatare,LIGHTNING,6,0,3,0,0,18,0,2,0,0,0,0,0,0,0,0,0,0
2025,Nyagatare,STRONG WIND,18,0,1,39,1,0,0,0,6,0,0,1,0,1,0,7,0,0
2025,Nyamagabe,FLOODS,1,0,0,0,11,0,0,0,0,0,0,0,0,0,0,0,0,0
2025,Nyamagabe,HAILSTORM,3,0,0,0,29.87,0,0,0,0,0,0,0,0,0,0,0,0,0
2025,Nyamagabe,HEAVY RAIN,3,0,1,2,0.3,0,0,0,0,0,0,0,0,0,0,0,0,0
2025,Nyamagabe,HOUSE COLLAPSE,1,0,0,1,0,0,0,0,0,0,0,0,0,0,0,0,0,0
2025,Nyamagabe,LANDSLIDES,1,0,0,0,0.03,0,0,0,0,0,0,0,0,0,0,0,0,0
2025,Nyamagabe,LIGHTNING,5,3,7,0,0,4,0,1,0,0,0,0,0,0,0,0,0,0
2025,Nyamagabe,STRONG WIND,7,0,0,30,0,0,0,0,2,0,0,0,0,0,0,0,0,0
2025,Nyamasheke,FIRE,14,0,2,15,0,1,0,0,0,0,0,0,0,0,0,0,0,0
2025,Nyamasheke,FLOODS,1,0,0,0,0,0,0,0,0,0,0,0,1,0,0,0,0,0
2025,Nyamasheke,HEAVY RAIN,3,0,0,1,0,0,0,0,0,0,0,0,0,0,0,0,0,0
2025,Nyamasheke,HOUSE COLLAPSE,3,0,6,9,0,0,0,2,0,0,0,0,0,0,0,0,0,0
2025,Nyamasheke,LANDSLIDES,2,0,0,1,0,0,0,0,0,0,1,0,0,0,0,0,0,0
2025,Nyamasheke,LIGHTNING,18,4,20,1,0,1,0,0,0,0,0,0,0,0,0,2,0,0
2025,Nyamasheke,MINE DISASTER,1,1,0,0,0,0,0,0,0,0,0,0,0,0,0,0,0,0
2025,Nyamasheke,STRONG WIND,15,0,0,28,0,0,0,0,3,0,0,0,0,0,0,4,0,0
2025,Nyamasheke,WILDFIRE,2,0,0,0,0,0,3,0,0,0,0,0,0,0,0,0,0,0
2025,Nyanza,FIRE,13,0,3,12,0,0,0,0,1,0,0,0,0,0,0,0,0,0
2025,Nyanza,FLOODS,3,0,0,0,35.8,0,0,0,0,0,0,0,1,0,0,0,0,0
2025,Nyanza,HEAVY RAIN,4,0,0,4,0,0,0,0,0,0,0,0,0,0,0,0,0,0
2025,Nyanza,LIGHTNING,8,4,8,0,0,3,0,0,0,0,0,0,0,0,0,0,0,0
2025,Nyanza,STRONG WIND,20,0,0,71,0,0,0,0,3,0,0,1,0,1,0,0,0,0
2025,Nyanza,WILDFIRE,2,0,0,0,0,0,4,0,0,0,0,0,0,0,0,0,0,0
2025,Nyarugenge,FIRE,7,0,0,6,0,0,0,0,0,1,0,0,0,0,0,0,0,0
2025,Nyarugenge,FLOODS,3,1,1,0,2.5,0,0,0,0,0,0,0,0,0,0,0,0,0
2025,Nyarugenge,HEAVY RAIN,6,0,2,9,0,0,0,0,0,0,1,0,0,0,0,0,0,0
2025,Nyarugenge,HOUSE COLLAPSE,1,0,0,1,0,0,0,0,0,0,0,0,0,0,0,0,0,0
2025,Nyarugenge,LANDSLIDES,2,1,0,2,0,0,0,0,0,0,0,0,0,0,1,0,0,0
2025,Nyarugenge,STRONG WIND,13,0,1,33,0,0,0,0,0,0,0,0,0,0,0,0,0,0
2025,Nyaruguru,FIRE,1,0,0,1,0,0,0,0,0,0,0,0,0,0,0,0,0,0
2025,Nyaruguru,HAILSTORM,2,0,0,0,90.1,0,0,0,0,0,0,0,0,0,0,0,0,0
2025,Nyaruguru,HEAVY RAIN,6,0,0,1,0,0,0,0,0,0,3,0,2,0,0,0,1,0
2025,Nyaruguru,LANDSLIDES,2,0,0,1,0,0,0,0,0,0,0,0,0,0,0,0,1,0
2025,Nyaruguru,LIGHTNING,16,3,12,0,0,10,0,2,0,0,0,0,0,0,0,0,0,0
2025,Nyaruguru,STRONG WIND,13,0,0,23,4,0,0,0,1,0,0,0,0,0,0,0,0,0
2025,Rubavu,FIRE,1,0,0,0,0,0,0,0,2,0,0,0,0,0,0,0,0,0
2025,Rubavu,HEAVY RAIN,7,0,0,15,39.2,0,0,0,0,0,1,0,0,0,0,0,0,0
2025,Rubavu,HOUSE COLLAPSE,3,0,1,3,0,0,0,0,0,0,0,0,0,0,0,0,0,0
2025,Rubavu,LANDSLIDES,2,0,0,6,0,0,0,0,0,0,0,0,0,0,0,0,0,0
2025,Rubavu,LIGHTNING,3,2,0,0,0,1,0,0,0,0,0,0,0,0,0,0,0,0
2025,Rubavu,STRONG WIND,11,0,0,42,0,0,0,0,0,0,0,0,0,0,0,6,0,0
2025,Ruhango,FIRE,5,0,0,4,0.1,0,0,0,0,0,0,0,0,0,0,0,0,0
2025,Ruhango,HEAVY RAIN,6,0,0,5,0,0,0,0,0,0,0,0,1,0,0,0,0,0
2025,Ruhango,HOUSE COLLAPSE,1,0,0,1,0,0,0,0,0,0,0,0,0,0,0,0,0,0
2025,Ruhango,LIGHTNING,1,0,0,0,0,0,0,3,0,0,0,0,0,0,0,0,0,0
2025,Ruhango,STRONG WIND,4,0,0,5,0,0,0,0,0,0,0,0,0,0,0,0,0,0
2025,Rulindo,FIRE,4,0,0,4,0,0,0,0,0,0,0,0,0,0,0,0,0,0
2025,Rulindo,FLOODS,2,0,1,0,3.2,0,0,0,0,0,0,0,0,0,0,0,0,0
2025,Rulindo,HAILSTORM,1,0,0,0,25,0,0,0,0,0,0,0,0,0,0,0,0,0
2025,Rulindo,HEAVY RAIN,7,0,0,8,6.95,0,0,0,0,0,0,0,0,0,0,0,0,0
2025,Rulindo,HOUSE COLLAPSE,2,0,0,1,0,0,0,0,0,0,0,0,0,0,0,0,0,0
2025,Rulindo,LIGHTNING,2,2,0,0,0,0,0,0,0,0,0,0,0,0,0,0,0,0
2025,Rulindo,MINE DISASTER,4,8,2,0,0,0,0,0,0,0,0,0,0,0,0,0,0,0
2025,Rulindo,STRONG WIND,16,0,0,35,0,0,0,0,0,0,0,0,0,1,0,6,0,0
2025,Rusizi,FIRE,14,0,1,14,0,0,0,0,0,0,0,0,0,0,0,0,0,0
2025,Rusizi,FLOODS,2,2,0,0,5.6,0,0,0,0,0,0,0,0,0,0,0,0,0
2025,Rusizi,HAILSTORM,1,0,0,0,44,0,0,0,0,0,0,0,0,0,0,0,0,0
2025,Rusizi,HEAVY RAIN,2,0,0,3,2,0,0,0,0,0,0,1,0,0,0,0,0,0
2025,Rusizi,LANDSLIDES,3,0,0,2,0,0,0,0,0,0,1,0,0,0,0,0,0,0
2025,Rusizi,LIGHTNING,7,6,4,0,0,1,0,0,0,0,0,0,0,0,0,0,0,0
2025,Rusizi,STRONG WIND,11,0,1,30,0.01,0,0,0,6,0,0,0,0,0,0,8,0,0
2025,Rusizi,WILDFIRE,1,0,0,0,0,0,6,0,0,0,0,0,0,0,0,0,0,0
2025,Rutsiro,FIRE,2,0,0,2,0,0,0,0,0,0,0,0,0,0,0,0,0,0
2025,Rutsiro,FLOODS,1,0,0,0,0,0,0,0,0,0,0,0,1,0,0,0,0,0
2025,Rutsiro,HAILSTORM,1,0,0,0,23,0,0,0,0,0,0,0,0,0,0,0,0,0
2025,Rutsiro,HEAVY RAIN,8,0,1,5,18,0,0,0,0,0,0,0,0,0,0,0,0,0
2025,Rutsiro,HOUSE COLLAPSE,1,0,0,1,0,0,0,0,0,0,0,0,0,0,0,0,0,0
2025,Rutsiro,LANDSLIDES,1,0,0,1,0,0,0,0,0,0,0,0,0,0,0,0,0,0
2025,Rutsiro,LIGHTNING,12,7,3,0,0,2,0,2,0,0,0,0,0,0,0,0,0,0
2025,Rutsiro,MINE DISASTER,1,1,1,0,0,0,0,0,0,0,0,0,0,0,0,0,0,0
2025,Rutsiro,STRONG WIND,11,0,0,14,0.46,0,0,0,1,0,0,0,0,0,0,0,0,0
2025,Rwamagana,FIRE,4,1,1,3,0,0,0,0,1,0,0,0,0,0,0,0,0,0
2025,Rwamagana,LIGHTNING,3,2,5,0,0,0,0,0,0,0,0,0,0,0,0,0,0,0
2025,Rwamagana,STRONG WIND,12,0,0,96,166,0,0,0,1,0,0,0,0,0,0,1,0,0
,,,,,,,,,,,,,,,,,,,,
,,,,,,,,,,,,,,,,,,,,
